alpha3,RURALPiped,URBANPiped,PBO,Average Weight,Household_Size,alpha2,Continent,% urban,Population,Entity,region,subregion,intermediate-region
AFG,17.0,42.0,31.82,54.71751506782176,8.04,AF,AS,27.0,39835428,Afghanistan,Asia,Southern Asia,
ALB,76.0,84.0,21.4,70.40858686058655,3.3,AL,EU,64.0,2872934,Albania,Europe,Southern Europe,
DZA,60.0,75.0,23.378000000000004,65.05686920673412,4.94,DZ,AF,75.0,44616626,Algeria,Africa,Northern Africa,
ASM,100.0,100.0,38.068,99.087177996778,4.962727272727272,AS,OC,87.0,55103,American Samoa,Oceania,Polynesia,
AGO,8.0,59.0,8.7,56.053692617382104,4.82,AO,AF,68.0,33933611,Angola,Africa,Sub-Saharan Africa,Middle Africa
AIA,100.0,100.0,41.684285714285714,70.30463975225724,3.1836,AI,NA,100.0,15125,Anguilla,Americas,Latin America and the Caribbean,Caribbean
ATG,98.0,98.0,41.684285714285714,68.97599766675651,3.1835999999999993,AG,NA,24.0,98728,Antigua and Barbuda,Americas,Latin America and the Caribbean,Caribbean
ARG,82.0,100.0,72.49,72.59530845385467,2.95,AR,SA,92.0,45605823,Argentina,Americas,Latin America and the Caribbean,South America
ARM,100.0,100.0,4.0,69.51292371812914,3.54,AM,AS,64.0,2968128,Armenia,Asia,Western Asia,
ABW,84.61538461538461,93.23076923076923,41.684285714285714,70.30463975225724,2.89,AW,NA,43.0,107195,Aruba,Americas,Latin America and the Caribbean,Caribbean
AUS,87.0,100.0,57.99,77.4780272039879,2.55,AU,OC,86.0,25788217,Australia,Oceania,Australia and New Zealand,
AZE,86.0,100.0,6.9,68.26163546612855,4.55,AZ,AS,57.0,10223344,Azerbaijan,Asia,Western Asia,
BHS,84.61538461538463,93.23076923076924,41.684285714285714,73.52771261772648,3.4,BS,NA,83.0,396914,Bahamas,Americas,Latin America and the Caribbean,Caribbean
BHR,100.0,100.0,33.675128684807255,67.72883540494927,4.5558,BH,AS,90.0,1748295,Bahrain,Asia,Western Asia,
BGD,3.0,33.0,25.4,49.14223918286831,4.26,BD,AS,40.0,166303494,Bangladesh,Asia,Southern Asia,
BRB,84.61538461538463,93.23076923076924,41.68428571428572,76.23847345720954,2.85,BB,NA,31.0,287708,Barbados,Americas,Latin America and the Caribbean,Caribbean
BLR,89.0,100.0,38.49,75.85943662132902,2.16,BY,EU,80.0,9442867,Belarus,Europe,Eastern Europe,
BEL,100.0,100.0,72.77,76.99029706233947,2.32,BE,EU,98.0,11632334,Belgium,Europe,Western Europe,
BLZ,79.0,96.0,70.92,71.46480967019768,3.75,BZ,NA,46.0,404915,Belize,Americas,Latin America and the Caribbean,Central America
BEN,30.0,48.0,39.5,56.55047615583321,5.19,BJ,AF,50.0,12451031,Benin,Africa,Sub-Saharan Africa,Western Africa
BMU,100.0,100.0,41.684285714285714,75.48055385416271,2.26,BM,NA,100.0,62092,Bermuda,Americas,Northern America,
BTN,100.0,100.0,6.18,55.29632740582912,4.59,BT,AS,44.0,779900,Bhutan,Asia,Southern Asia,
BOL,21.0,86.0,36.6,62.488614154774176,3.53,BO,SA,71.0,11832936,"Bolivia, Plurinational State of",Americas,Latin America and the Caribbean,South America
BES,100.0,100.0,41.68428571428572,70.30463975225724,3.1836,BQ,NA,75.0,26445,"Bonaire, Sint Eustatius and Saba",Americas,Latin America and the Caribbean,Caribbean
BIH,93.0,98.0,45.58,74.51281723914066,3.5,BA,EU,50.0,3263459,Bosnia and Herzegovina,Europe,Southern Europe,
BWA,77.0,97.0,20.42,64.44659635892145,3.52,BW,AF,72.0,2397240,Botswana,Africa,Sub-Saharan Africa,Southern Africa
BRA,90.0,100.0,57.62,68.75531819976351,3.31,BR,SA,88.0,213993441,Brazil,Americas,Latin America and the Caribbean,South America
BRN,100.0,100.0,44.49,63.595195777032174,4.57,BN,AS,79.0,441532,Brunei Darussalam,Asia,South-eastern Asia,
BGR,97.0,100.0,22.62,74.52643692797213,2.34,BG,EU,76.0,6896655,Bulgaria,Europe,Eastern Europe,
BFA,10.0,78.0,84.2,55.932930801238754,5.92,BF,AF,32.0,21497097,Burkina Faso,Africa,Sub-Saharan Africa,Western Africa
BDI,30.0,91.0,20.5,52.329397518836636,4.83,BI,AF,14.0,12255429,Burundi,Africa,Sub-Saharan Africa,Eastern Africa
CPV,77.0,96.0,22.78488461538461,64.04027118066853,4.905757575757574,CV,AF,68.0,561901,Cabo Verde,Africa,Sub-Saharan Africa,Western Africa
KHM,20.0,77.0,65.5,50.99407686694244,4.61,KH,AS,25.0,16946446,Cambodia,Asia,South-eastern Asia,
CMR,17.0,59.0,14.7,60.38813600926144,4.99,CM,AF,59.0,27224262,Cameroon,Africa,Sub-Saharan Africa,Middle Africa
CAN,100.0,100.0,67.28,76.51918209797762,2.45,CA,NA,82.0,38067913,Canada,Americas,Northern America,
CYM,91.0,91.0,41.68428571428572,70.30463975225724,3.1835999999999998,KY,NA,100.0,66498,Cayman Islands,Americas,Latin America and the Caribbean,Caribbean
CAF,0.0,31.0,18.89,55.85431824844777,5.59,CF,AF,43.0,4919987,Central African Republic,Africa,Sub-Saharan Africa,Middle Africa
TCD,7.0,47.0,21.5,56.481475673109216,5.97,TD,AF,24.0,16914985,Chad,Africa,Sub-Saharan Africa,Middle Africa
CHL,100.0,100.0,53.1,72.62648483772773,3.04,CL,SA,88.0,19212362,Chile,Americas,Latin America and the Caribbean,South America
CHN,72.0,94.0,62.97,61.27242391145482,3.38,CN,AS,64.0,1444216102,China,Asia,Eastern Asia,
HKG,100.0,100.0,33.675128684807255,64.85486378086976,2.83,HK,AS,100.0,7552800,Hong Kong,Asia,Eastern Asia,
MAC,100.0,100.0,33.675128684807255,63.46110878863008,3.07,MO,AS,100.0,658391,Macao,Asia,Eastern Asia,
COL,60.0,95.0,33.3,65.3147608355302,3.53,CO,SA,82.0,51265841,Colombia,Americas,Latin America and the Caribbean,South America
COM,53.0,76.0,6.71,57.95894969588751,5.37,KM,AF,29.0,888456,Comoros,Africa,Sub-Saharan Africa,Eastern Africa
COG,11.0,76.0,5.9,57.52473549793503,4.22,CG,AF,68.0,5657017,Congo,Africa,Sub-Saharan Africa,Middle Africa
COK,67.5,83.3,38.068,89.69149474091375,4.962727272727272,CK,OC,76.0,17572,Cook Islands,Oceania,Polynesia,
CRI,100.0,100.0,65.06,67.20701721773423,3.21,CR,NA,82.0,5139053,Costa Rica,Americas,Latin America and the Caribbean,Central America
CUB,57.0,87.0,56.89,66.32601809612846,2.71,CU,NA,77.0,11317498,Cuba,Americas,Latin America and the Caribbean,Caribbean
CUW,84.61538461538461,93.23076923076923,41.684285714285714,70.30463975225724,3.1836,CW,NA,89.0,164796,Curaçao,Americas,Latin America and the Caribbean,Caribbean
CYP,100.0,100.0,53.22187074829932,74.55222810587506,2.76,CY,EU,67.0,1215588,Cyprus,Asia,Western Asia,
CZE,100.0,100.0,42.76,81.05301441083319,2.34,CZ,EU,74.0,10724553,Czechia,Europe,Eastern Europe,
CIV,29.0,66.0,43.14,58.87013010358929,4.58,CI,AF,53.0,27053629,Côte d'Ivoire,Africa,Sub-Saharan Africa,Western Africa
PRK,50.0,74.0,42.81,62.74557266074907,3.93,KP,AS,63.0,25887045,"Korea, Democratic People's Republic of",Asia,Eastern Asia,
COD,8.0,67.0,21.26,52.867179827952626,5.17,CD,AF,47.0,92377986,"Congo, Democratic Republic of the",Africa,Sub-Saharan Africa,Middle Africa
DNK,100.0,100.0,88.59,75.57876328056031,2.14,DK,EU,88.0,5813302,Denmark,Europe,Northern Europe,
DJI,26.0,100.0,8.98,61.03198764527151,5.89,DJ,AF,78.0,1002197,Djibouti,Africa,Sub-Saharan Africa,Eastern Africa
DMA,84.61538461538461,93.23076923076924,41.684285714285714,73.14573678425663,3.1836,DM,NA,70.0,72172,Dominica,Americas,Latin America and the Caribbean,Caribbean
DOM,66.0,83.0,1.5,67.64315572834347,3.09,DO,NA,84.0,10953714,Dominican Republic,Americas,Latin America and the Caribbean,Caribbean
ECU,75.0,100.0,61.27,64.43022943171995,3.78,EC,SA,65.0,17888474,Ecuador,Americas,Latin America and the Caribbean,South America
EGY,99.0,99.0,9.8,71.50437078279394,4.13,EG,AF,43.0,104258327,Egypt,Africa,Northern Africa,
SLV,84.0,96.0,30.0,67.13935971629279,3.92,SV,NA,75.0,6518500,El Salvador,Americas,Latin America and the Caribbean,Central America
GNQ,22.0,48.0,9.049999999999999,58.67875312418066,5.3,GQ,AF,72.0,1449891,Equatorial Guinea,Africa,Sub-Saharan Africa,Middle Africa
ERI,41.0,69.0,10.5,52.709952991572095,5.503333333333334,ER,AF,39.0,3601462,Eritrea,Africa,Sub-Saharan Africa,Eastern Africa
EST,100.0,100.0,30.31,77.6957051168438,2.3,EE,EU,70.0,1325188,Estonia,Europe,Northern Europe,
SWZ,51.0,95.0,7.96,66.67400881396863,4.04,SZ,AF,25.0,1172369,Eswatini,Africa,Sub-Saharan Africa,Southern Africa
ETH,32.0,85.0,2.3,50.83882657189491,4.73,ET,AF,23.0,117876226,Ethiopia,Africa,Sub-Saharan Africa,Eastern Africa
FLK,56.0,100.0,47.23923076923077,68.07237066527414,3.5100000000000002,FK,SA,79.0,3528,Falkland Islands (Malvinas),Americas,Latin America and the Caribbean,South America
FRO,100.0,100.0,53.22187074829931,75.28487998329511,2.5221590909090903,FO,EU,43.0,49053,Faroe Islands,Europe,Northern Europe,
FJI,77.0,98.0,38.068,73.0075712012673,4.57,FJ,OC,58.0,902899,Fiji,Oceania,Melanesia,
FIN,100.0,100.0,85.0,76.8948510847226,2.07,FI,EU,86.0,5548361,Finland,Europe,Northern Europe,
FRA,100.0,100.0,60.03,74.04928800791224,2.22,FR,EU,82.0,65426177,France,Europe,Western Europe,
GUF,77.0,94.5,48.019999999999996,69.373637556106,3.45,GF,SA,86.0,306450,French Guiana,Americas,Latin America and the Caribbean,South America
PYF,100.0,100.0,38.068,85.77719013902079,4.962727272727273,PF,OC,62.0,282534,French Polynesia,Oceania,Polynesia,
GAB,30.0,94.0,3.4,62.26841168510923,4.1,GA,AF,91.0,2278829,Gabon,Africa,Sub-Saharan Africa,Middle Africa
GMB,71.0,84.0,44.24,56.98817746213484,8.07,GM,AF,64.0,2486937,Gambia,Africa,Sub-Saharan Africa,Western Africa
GEO,66.0,97.0,8.16,72.90709926835162,3.42,GE,AS,60.0,3979773,Georgia,Asia,Western Asia,
DEU,100.0,100.0,76.6,76.85720047641125,2.14,DE,EU,78.0,83900471,Germany,Europe,Western Europe,
GHA,34.0,73.0,33.86,59.22073210189898,3.83,GH,AF,59.0,31732128,Ghana,Africa,Sub-Saharan Africa,Western Africa
GIB,100.0,100.0,64.02,75.50513041537577,2.58,GI,EU,100.0,33691,Gibraltar,Europe,Southern Europe,
GRC,100.0,100.0,30.12,78.04985943713771,2.56,GR,EU,80.0,10370747,Greece,Europe,Southern Europe,
GRL,100.0,100.0,41.684285714285714,72.14919217786216,3.1836,GL,NA,88.0,56868,Greenland,Americas,Northern America,
GRD,84.61538461538461,93.23076923076923,41.684285714285714,72.40641358592322,3.1836,GD,NA,36.0,113015,Grenada,Americas,Latin America and the Caribbean,Caribbean
GLP,100.0,100.0,41.68428571428572,70.30463975225723,2.3,GP,NA,99.0,400013,Guadeloupe,Americas,Latin America and the Caribbean,Caribbean
GUM,100.0,100.0,38.068000000000005,78.11649863329272,4.962727272727273,GU,OC,95.0,170184,Guam,Oceania,Micronesia,
GTM,65.0,89.0,26.7,60.03809122491171,4.81,GT,NA,53.0,18249868,Guatemala,Americas,Latin America and the Caribbean,Central America
GIN,8.0,47.0,25.0,56.68330804653857,6.39,GN,AF,38.0,13497237,Guinea,Africa,Sub-Saharan Africa,Western Africa
GNB,32.0,67.0,35.73,57.587141647209364,6.81,GW,AF,45.0,2015490,Guinea-Bissau,Africa,Sub-Saharan Africa,Western Africa
GUY,65.0,84.0,52.1,65.44391929731393,3.5,GY,SA,27.0,790329,Guyana,Americas,Latin America and the Caribbean,South America
HTI,24.0,15.0,17.5,63.280987539942544,4.29,HT,NA,59.0,11541683,Haiti,Americas,Latin America and the Caribbean,Caribbean
HND,86.0,96.0,33.3,62.36751491656642,3.87,HN,NA,60.0,10062994,Honduras,Americas,Latin America and the Caribbean,Central America
HUN,100.0,100.0,34.12,75.40297741589677,2.36,HU,EU,73.0,9634162,Hungary,Europe,Eastern Europe,
ISL,100.0,100.0,53.221870748299324,76.22246977542699,2.5221590909090903,IS,EU,94.0,343360,Iceland,Europe,Northern Europe,
IND,33.0,66.0,44.82,51.55353385724445,4.38,IN,AS,36.0,1393409033,India,Asia,Southern Asia,
IDN,14.0,30.0,47.2,53.21551733797398,3.86,ID,AS,58.0,276361788,Indonesia,Asia,South-eastern Asia,
IRN,97.0,100.0,22.358571428571427,68.86533527579282,3.51,IR,AS,77.0,85028760,"Iran, Islamic Republic of",Asia,Southern Asia,
IRQ,72.0,88.0,23.28,72.49311986620525,6.35,IQ,AS,71.0,41179351,Iraq,Asia,Western Asia,
IRL,97.0,95.0,50.04,77.1512320511253,2.83,IE,EU,64.0,4982904,Ireland,Europe,Northern Europe,
IMN,100.0,100.0,53.221870748299324,75.28487998329511,2.28,IM,EU,53.0,85410,Isle of Man,Europe,Northern Europe,
ISR,100.0,100.0,35.25,74.49444469346133,3.14,IL,AS,93.0,8789776,Israel,Asia,Western Asia,
ITA,100.0,100.0,65.63,74.38382022084592,2.4,IT,EU,72.0,60367471,Italy,Europe,Southern Europe,
JAM,73.0,92.0,41.68428571428572,71.12579183572018,3.06,JM,NA,57.0,2973462,Jamaica,Americas,Latin America and the Caribbean,Caribbean
JPN,75.0,100.0,70.88,61.08940126579401,2.33,JP,AS,92.0,126050796,Japan,Asia,Eastern Asia,
JOR,80.0,87.0,8.9,75.3385848112504,4.72,JO,AS,92.0,10269022,Jordan,Asia,Western Asia,
KAZ,59.0,98.0,24.78,69.79036081133138,3.44,KZ,AS,58.0,18994958,Kazakhstan,Asia,Central Asia,
KEN,22.0,60.0,29.45,58.06694286158309,3.75,KE,AF,29.0,54985702,Kenya,Africa,Sub-Saharan Africa,Eastern Africa
KIR,15.0,61.0,38.068,75.37229258788213,5.9,KI,OC,57.0,121388,Kiribati,Oceania,Micronesia,
KGZ,90.0,100.0,23.19,66.88285838558808,4.05,KG,AS,37.0,6628347,Kyrgyzstan,Asia,Central Asia,
LAO,14.0,62.0,47.21,50.357030873499724,4.7,LA,AS,38.0,7379358,Lao People's Democratic Republic,Asia,South-eastern Asia,
LVA,88.0,98.0,17.98,78.54120880353923,2.26,LV,EU,69.0,1866934,Latvia,Europe,Northern Europe,
LBN,85.5,93.0,10.1,74.31862852216344,4.3950000000000005,LB,AS,89.0,6769151,Lebanon,Asia,Western Asia,
LSO,64.0,91.0,2.1,60.53760971815217,3.73,LS,AF,30.0,2159067,Lesotho,Africa,Sub-Saharan Africa,Southern Africa
LBR,0.0,10.0,3.0,58.20915242666095,4.58,LR,AF,53.0,5180208,Liberia,Africa,Sub-Saharan Africa,Western Africa
LBY,54.0,82.5,15.856,75.59090214204272,5.123333333333334,LY,AF,81.0,6958538,Libya,Africa,Northern Africa,
LIE,100.0,100.0,73.43,72.82938315633766,2.26,LI,EU,15.0,38254,Liechtenstein,Europe,Western Europe,
LTU,87.0,100.0,38.94,77.9673598924546,2.38,LT,EU,68.0,2689862,Lithuania,Europe,Northern Europe,
LUX,97.0,100.0,64.04,74.74992041965177,2.41,LU,EU,92.0,634814,Luxembourg,Europe,Western Europe,
MDG,16.0,66.0,22.6,50.06487991702686,4.5,MG,AF,40.0,28427333,Madagascar,Africa,Sub-Saharan Africa,Eastern Africa
MWI,8.0,77.0,43.8,53.6287462081293,4.28,MW,AF,18.0,19647681,Malawi,Africa,Sub-Saharan Africa,Eastern Africa
MYS,83.0,100.0,44.49,61.56078893327569,4.57,MY,AS,78.0,32776195,Malaysia,Asia,South-eastern Asia,
MDV,19.0,100.0,39.9,59.6186654949941,5.4,MV,AS,42.0,543620,Maldives,Asia,Southern Asia,
MLI,27.0,83.0,46.2,58.0539350252169,5.81,ML,AF,45.0,20855724,Mali,Africa,Sub-Saharan Africa,Western Africa
MLT,100.0,100.0,41.47,75.26361992617788,2.67,MT,EU,95.0,442790,Malta,Europe,Southern Europe,
MHL,7.0,33.0,38.068,71.7763361730861,4.962727272727273,MH,OC,79.0,59618,Marshall Islands,Oceania,Micronesia,
MTQ,100.0,100.0,41.684285714285714,70.30463975225724,2.25,MQ,NA,89.0,374743,Martinique,Americas,Latin America and the Caribbean,Caribbean
MRT,43.0,75.0,4.92,59.94375411369336,5.77,MR,AF,57.0,4775110,Mauritania,Africa,Sub-Saharan Africa,Western Africa
MUS,100.0,100.0,75.34,65.28184739867847,3.48,MU,AF,41.0,1273428,Mauritius,Africa,Sub-Saharan Africa,Eastern Africa
MYT,37.92727272727273,72.88181818181818,22.78488461538461,59.153531113767166,4.05,YT,AF,45.0,279507,Mayotte,Africa,Sub-Saharan Africa,Eastern Africa
MEX,92.0,100.0,32.88,70.07501882038977,3.74,MX,NA,81.0,130262220,Mexico,Americas,Latin America and the Caribbean,Central America
FSM,67.5,83.3,38.068000000000005,75.57821270358903,4.962727272727273,FM,OC,23.0,116255,"Micronesia, Federated States of",Oceania,Micronesia,
MCO,100.0,100.0,60.03,74.04928800791224,2.13,MC,EU,100.0,39520,Monaco,Europe,Western Europe,
MNG,8.0,50.0,15.77,64.62213275231456,3.63,MN,AS,69.0,3329282,Mongolia,Asia,Eastern Asia,
MNE,75.0,96.0,29.36,73.92054558541707,3.29,ME,EU,68.0,628051,Montenegro,Europe,Southern Europe,
MSR,84.61538461538461,93.23076923076923,41.68428571428572,70.30463975225724,3.1835999999999998,MS,NA,9.0,4981,Montserrat,Americas,Latin America and the Caribbean,Caribbean
MAR,53.0,94.0,25.4,65.5579808016241,4.58,MA,AF,65.0,37344787,Morocco,Africa,Northern Africa,
MOZ,20.0,77.0,40.05,53.841864334587605,4.52,MZ,AF,38.0,32163045,Mozambique,Africa,Sub-Saharan Africa,Eastern Africa
MMR,18.0,67.0,52.84,53.635966847992094,4.22,MM,AS,32.0,54806014,Myanmar,Asia,South-eastern Asia,
NAM,68.0,97.0,15.2,59.88720532231544,4.24,NA,AF,54.0,2587344,Namibia,Africa,Sub-Saharan Africa,Southern Africa
NRU,2.0,2.0,38.068,87.63944799253134,4.962727272727272,NR,OC,100.0,10873,Nauru,Oceania,Micronesia,
NPL,50.0,52.0,39.7,49.752709561438444,4.25,NP,AS,21.0,29674920,Nepal,Asia,Southern Asia,
NLD,100.0,100.0,89.48,76.64510744171008,2.23,NL,EU,93.0,17173094,"Netherlands, Kingdom of the",Europe,Western Europe,
NCL,100.0,100.0,38.06799999999999,78.11649863329272,4.962727272727273,NC,OC,72.0,288217,New Caledonia,Oceania,Melanesia,
NZL,100.0,100.0,62.49,77.30272737681317,2.6,NZ,OC,87.0,4860642,New Zealand,Oceania,Australia and New Zealand,
NIC,33.0,95.0,31.99,65.66741809402635,4.92,NI,NA,59.0,6702379,Nicaragua,Americas,Latin America and the Caribbean,Central America
NER,31.0,93.0,10.2,54.37033920207551,5.92,NE,AF,17.0,25130810,Niger,Africa,Sub-Saharan Africa,Western Africa
NGA,9.0,15.0,21.57,57.24111599721164,4.66,NG,AF,54.0,211400704,Nigeria,Africa,Sub-Saharan Africa,Western Africa
NIU,67.5,83.3,38.068,89.80027005959724,4.962727272727272,NU,OC,48.0,1614,Niue,Oceania,Polynesia,
MKD,82.0,99.0,57.66,73.42835222918268,3.45,MK,EU,59.0,2082661,North Macedonia,Europe,Southern Europe,
MNP,67.5,83.3,38.068,78.11649863329272,4.962727272727273,MP,OC,92.0,57910,Northern Mariana Islands,Oceania,Micronesia,
NOR,100.0,100.0,80.51,75.94958629772222,2.22,NO,EU,84.0,5465629,Norway,Europe,Northern Europe,
OMN,84.0,97.0,37.834999999999994,67.68214747045545,8.02,OM,AS,88.0,5223376,Oman,Asia,Western Asia,
PAK,17.0,39.0,45.96,56.956846986633835,6.8,PK,AS,38.0,225199929,Pakistan,Asia,Southern Asia,
PLW,29.0,98.0,38.068,77.37764845108316,4.962727272727272,PW,OC,82.0,18174,Palau,Oceania,Micronesia,
PAN,81.0,99.0,42.6,66.11856704979478,3.64,PA,NA,69.0,4381583,Panama,Americas,Latin America and the Caribbean,Central America
PNG,10.0,53.0,47.2,60.10933253911335,5.43,PG,OC,14.0,9119005,Papua New Guinea,Oceania,Melanesia,
PRY,100.0,100.0,38.6,68.19103205047325,3.87,PY,SA,63.0,7219641,Paraguay,Americas,Latin America and the Caribbean,South America
PER,80.0,95.0,21.6,62.72333242833969,3.46,PE,SA,79.0,33359415,Peru,Americas,Latin America and the Caribbean,South America
PHL,53.0,81.0,23.5,54.034405633005434,4.23,PH,AS,48.0,111046910,Philippines,Asia,South-eastern Asia,
POL,82.0,96.0,68.85,74.38552995253298,2.82,PL,EU,60.0,37797000,Poland,Europe,Eastern Europe,
PRT,96.0,100.0,39.22,71.67517608654825,2.58,PT,EU,67.0,10167923,Portugal,Europe,Southern Europe,
PRI,100.0,100.0,41.68428571428572,74.50827361724836,2.67,PR,NA,94.0,2828246,Puerto Rico,Americas,Latin America and the Caribbean,Caribbean
QAT,100.0,100.0,33.675128684807255,75.42068168016397,4.67,QA,AS,99.0,2930524,Qatar,Asia,Western Asia,
KOR,100.0,100.0,42.61,65.28748197709061,2.34,KR,AS,81.0,51305184,"Korea, Republic of",Asia,Eastern Asia,
MDA,63.0,94.0,27.2,73.73033029159382,2.89,MD,EU,43.0,4024025,"Moldova, Republic of",Europe,Eastern Europe,
ROU,35.0,90.0,17.94,70.49409278056673,2.67,RO,EU,54.0,19127772,Romania,Europe,Eastern Europe,
RUS,85.0,97.0,22.85,74.96016841376039,2.58,RU,EU,75.0,145912022,Russian Federation,Europe,Eastern Europe,
RWA,38.0,82.0,15.2,51.52987498186236,4.28,RW,AF,18.0,13276517,Rwanda,Africa,Sub-Saharan Africa,Eastern Africa
REU,100.0,100.0,22.78488461538461,59.153531113767166,2.64,RE,AF,100.0,901696,Réunion,Africa,Sub-Saharan Africa,Eastern Africa
SHN,37.92727272727273,72.88181818181819,22.784884615384605,59.153531113767166,4.905757575757576,SH,AF,40.0,6095,"Saint Helena, Ascension and Tristan da Cunha",Africa,Sub-Saharan Africa,Western Africa
KNA,84.61538461538461,93.23076923076924,41.68428571428573,73.0415241626205,3.1836,KN,NA,31.0,53546,Saint Kitts and Nevis,Americas,Latin America and the Caribbean,Caribbean
LCA,96.0,98.0,41.68428571428572,73.21174096751682,2.89,LC,NA,19.0,184401,Saint Lucia,Americas,Latin America and the Caribbean,Caribbean
SPM,84.61538461538463,93.23076923076923,41.68428571428572,70.30463975225723,2.26,PM,NA,90.0,5771,Saint Pierre and Miquelon,Americas,Northern America,
VCT,89.0,98.0,41.68428571428573,69.84873413534433,3.1836,VC,NA,52.0,111269,Saint Vincent and the Grenadines,Americas,Latin America and the Caribbean,Caribbean
WSM,87.0,94.0,38.068,85.32403909234942,6.6,WS,OC,18.0,200144,Samoa,Oceania,Polynesia,
SMR,100.0,100.0,65.63,74.38382022084592,2.4,SM,EU,98.0,34010,San Marino,Europe,Southern Europe,
STP,87.0,100.0,13.6,61.244006976834385,4.06,ST,AF,76.0,223364,Sao Tome and Principe,Africa,Sub-Saharan Africa,Middle Africa
SAU,84.0,91.0,26.9625,72.12064337949363,6.086,SA,AS,85.0,35340680,Saudi Arabia,Asia,Western Asia,
SEN,67.0,88.0,16.6,61.380019786339204,8.66,SN,AF,49.0,17196308,Senegal,Africa,Sub-Saharan Africa,Western Africa
SRB,91.0,98.0,32.668571428571425,76.67640323733758,2.85,RS,EU,57.0,8697547,Serbia,Europe,Southern Europe,
SYC,100.0,100.0,22.784884615384616,70.9609469473478,3.78,SC,AF,58.0,98910,Seychelles,Africa,Sub-Saharan Africa,Eastern Africa
SLE,13.0,31.0,10.25,55.98347433289065,5.29,SL,AF,44.0,8141343,Sierra Leone,Africa,Sub-Saharan Africa,Western Africa
SGP,100.0,100.0,33.67512868480725,65.2499774058363,2.95,SG,AS,100.0,5896684,Singapore,Asia,South-eastern Asia,
SXM,91.0,91.0,41.68428571428573,70.30463975225723,2.58,SX,NA,100.0,43421,Sint Maarten (Dutch part),Americas,Latin America and the Caribbean,Caribbean
SVK,100.0,97.0,55.89,77.02869435079072,2.9,SK,EU,54.0,5460726,Slovakia,Europe,Eastern Europe,
SLB,38.0,71.0,38.068,62.46608077854876,4.962727272727272,SB,OC,26.0,703995,Solomon Islands,Oceania,Melanesia,
SOM,23.0,79.0,1.85,56.754256322979295,6.16,SO,AF,47.0,16359500,Somalia,Africa,Sub-Saharan Africa,Eastern Africa
ZAF,74.0,98.0,13.19,67.94022765565109,3.2,ZA,AF,68.0,60041996,South Africa,Africa,Sub-Saharan Africa,Southern Africa
SSD,3.0,10.0,25.1,55.310715824437494,5.98,SS,AF,21.0,11381377,South Sudan,Africa,Sub-Saharan Africa,Eastern Africa
ESP,100.0,100.0,64.02,75.50513041537577,2.58,ES,EU,81.0,46745211,Spain,Europe,Southern Europe,
LKA,46.0,81.0,44.69,54.48365866630871,4.5558,LK,AS,19.0,21497306,Sri Lanka,Asia,Southern Asia,
PSE,89.0,40.0,17.98333333333333,74.2265392152804,5.06,PS,AS,77.0,5222756,"Palestine, State of",Asia,Western Asia,
SDN,47.0,82.0,7.61,60.22484420396904,5.89,SD,AF,36.0,44909351,Sudan,Africa,Northern Africa,
SUR,64.0,89.0,38.42,69.9919569124485,3.86,SR,SA,66.0,591798,Suriname,Americas,Latin America and the Caribbean,South America
SWE,77.0,89.0,84.88,74.51815875712347,2.145,SE,EU,88.0,10160159,Sweden,Europe,Northern Europe,
CHE,100.0,100.0,73.43,72.82938315633766,2.24,CH,EU,74.0,8715494,Switzerland,Europe,Western Europe,
SYR,71.0,86.0,21.796,72.1649298911585,5.65,SY,AS,57.0,18275704,Syrian Arab Republic,Asia,Western Asia,
TWN,74.42211055276381,100.0,33.67512868480725,65.22806034509159,4.5558,TW,AS,80.1,23855008,"Taiwan, Province of China",,,
TJK,56.0,90.0,23.94,64.63270433383796,5.99,TJ,AS,28.0,9749625,Tajikistan,Asia,Central Asia,
THA,79.0,93.0,57.6,60.47194769095367,2.84,TH,AS,53.0,69950844,Thailand,Asia,South-eastern Asia,
TLS,66.0,84.0,11.0,47.47191672891671,5.27,TL,OC,32.0,1343875,Timor-Leste,Asia,South-eastern Asia,
TGO,21.0,43.0,32.34,57.49027137920393,4.35,TG,AF,44.0,8478242,Togo,Africa,Sub-Saharan Africa,Western Africa
TKL,95.0,95.0,38.068,88.89073392544478,5.24,TK,OC,0.0,1368,Tokelau,Oceania,Polynesia,
TON,98.0,100.0,38.068,91.04478296567626,5.3,TO,OC,23.0,106759,Tonga,Oceania,Polynesia,
TTO,84.61538461538463,93.23076923076923,50.07,71.53845259733255,3.29,TT,NA,53.0,1403374,Trinidad and Tobago,Americas,Latin America and the Caribbean,Caribbean
TUN,80.0,99.0,30.17,69.44807004230336,3.89,TN,AF,70.0,11935764,Tunisia,Africa,Northern Africa,
TKM,22.0,84.0,13.1,68.23440098829074,5.22,TM,AS,53.0,6117933,Turkmenistan,Asia,Central Asia,
TUV,100.0,100.0,38.06799999999999,79.90548638953913,6.05,TV,OC,66.0,11925,Tuvalu,Oceania,Polynesia,
TUR,86.0,98.0,31.45,74.07362050584624,4.07,TR,AS,77.0,85042736,Türkiye,Asia,Western Asia,
UGA,13.0,52.0,37.1,54.012183232777545,4.87,UG,AF,26.0,47123533,Uganda,Africa,Sub-Saharan Africa,Eastern Africa
UKR,31.0,76.0,40.4,76.13744813711918,2.53,UA,EU,70.0,43466822,Ukraine,Europe,Eastern Europe,
ARE,100.0,100.0,66.35,74.19713530167036,8.02,AE,AS,88.0,9991083,United Arab Emirates,Asia,Western Asia,
GBR,100.0,100.0,53.55,75.98860703436912,2.35,GB,EU,84.0,68207114,United Kingdom of Great Britain and Northern Ireland,Europe,Northern Europe,
TZA,28.0,63.0,43.3,56.05005443815267,4.85,TZ,AF,37.0,61498438,"Tanzania, United Republic of",Africa,Sub-Saharan Africa,Eastern Africa
USA,95.0,100.0,56.89,78.87489592670246,2.49,US,NA,83.0,332915074,United States of America,Americas,Northern America,
URY,100.0,100.0,71.03,72.34649369512647,3.02,UY,SA,96.0,3485152,Uruguay,Americas,Latin America and the Caribbean,South America
UZB,60.0,85.0,33.73,65.64679162894964,5.22,UZ,AS,50.0,33935765,Uzbekistan,Asia,Central Asia,
VUT,40.0,78.0,11.66,67.22920361971612,5.08,VU,OC,26.0,314464,Vanuatu,Oceania,Melanesia,
VEN,71.66666666666667,93.0,29.96,70.65973079538564,4.33,VE,SA,88.0,28704947,"Venezuela, Bolivarian Republic of",Americas,Latin America and the Caribbean,South America
VNM,31.0,86.0,68.63,49.6731138482501,3.44,VN,AS,39.0,98168829,Viet Nam,Asia,South-eastern Asia,
WLF,99.0,99.0,38.06799999999999,78.11649863329272,4.962727272727272,WF,OC,0.0,11094,Wallis and Futuna,Oceania,Polynesia,
YEM,44.0,77.0,9.32,54.26923831585103,6.67,YE,AS,39.0,30490639,Yemen,Asia,Western Asia,
ZMB,5.0,69.0,40.6,55.48312537880649,5.0,ZM,AF,46.0,18920657,Zambia,Africa,Sub-Saharan Africa,Eastern Africa
ZWE,9.0,65.0,22.6,61.66150340250323,4.02,ZW,AF,32.0,15092171,Zimbabwe,Africa,Sub-Saharan Africa,Eastern Africa
AUT,100.0,99.5,84.85,72.98575603624656,2.27,,EU,59.0,9043072,Austria,Europe,Western Europe,
HRV,89.75,98.0,43.71,76.44196172591984,2.8,,EU,58.0,4081657,Croatia,Europe,Southern Europe,
SVN,100.0,100.0,79.25,75.7555723980768,2.47,,EU,56.0,2078723,Slovenia,Europe,Southern Europe,
