Country,Year,"Population 
(thousands)",% urban,TOTALAt least basic,TOTALLimited (more than 30 mins),TOTALUnimproved,TOTALSurface water,TOTALAnnual rate of change in at least basic,RURALAt least basic,RURALLimited (more than 30 mins),RURALUnimproved,RURALSurface water,RURALAnnual rate of change in at least basic,URBANAt least basic,URBANLimited (more than 30 mins),URBANUnimproved,URBANSurface water,URBANAnnual rate of change in at least basic,TOTALSafely managed,TOTALAccessible on premises,TOTALAvailable when needed,TOTALFree from contamination,TOTALPiped,TOTALNon-piped,RURALSafely managed,RURALAccessible on premises,RURALAvailable when needed,RURALFree from contamination,RURALPiped,RURALNon-piped,URBANSafely managed,URBANAccessible on premises,URBANAvailable when needed,URBANFree from contamination,URBANPiped,URBANNon-piped
Afghanistan,2015,   33 753,25,62,4,21,12,2.49,55,4,25,16,2.56,84,3,10,2,2.02,24,36,60,24,17,50,21,25,54,21,11,48,32,68,77,32,35,53
Afghanistan,2022,   41 129,27,82,1,10,6,2.49,76,1,14,8,2.56,99,1,<1,<1,2.02,30,47,75,30,23,60,28,37,70,28,17,61,36,77,89,36,42,58
Albania,2015,    2 882,57,93,4,3,<1,0.40,91,5,4,<1,0.62,95,2,2,<1,0.04,71,79,71,96,81,16,-,66,68,-,73,23,-,89,72,-,87,11
Albania,2022,    2 842,64,95,2,3,<1,0.40,94,2,4,<1,0.62,96,2,3,<1,0.04,71,81,71,97,81,16,-,70,68,-,76,21,-,87,72,-,84,14
Algeria,2015,   39 543,71,93,5,1,<1,0.22,88,9,3,<1,0.32,95,4,<1,<1,0.09,77,77,81,84,75,24,66,66,79,73,62,35,82,82,82,88,80,19
Algeria,2022,   44 903,75,95,5,<1,<1,0.22,90,9,<1,<1,0.32,96,4,<1,<1,0.09,71,79,71,85,71,28,63,72,63,75,60,40,73,81,73,89,75,24
American Samoa,2015,       51,87,99,<1,1,<1,-,-,-,-,-,-,-,-,-,-,-,89,97,89,98,98,<1,-,-,-,-,-,-,-,-,-,-,-,-
American Samoa,2021,       45,87,>99,<1,<1,<1,,-,-,-,-,,-,-,-,-,,90,99,90,98,>99,<1,-,-,-,-,-,-,-,-,-,-,-,-
Andorra,2015,       72,88,>99,<1,<1,<1,0.00,>99,<1,<1,<1,0.00,>99,<1,<1,<1,0.00,91,>99,>99,91,>99,<1,-,>99,>99,-,>99,<1,-,>99,>99,-,>99,<1
Andorra,2022,       80,88,>99,<1,<1,<1,0.00,>99,<1,<1,<1,0.00,>99,<1,<1,<1,0.00,91,>99,>99,91,>99,<1,-,>99,>99,-,>99,<1,-,>99,>99,-,>99,<1
Angola,2015,   28 128,63,54,11,17,17,0.75,27,10,22,42,0.30,70,12,15,3,0.49,-,33,31,-,38,28,-,7,24,-,9,28,-,48,35,-,55,27
Angola,2022,   35 589,68,58,9,19,14,0.75,28,9,23,41,0.30,72,10,18,<1,0.49,-,40,31,-,43,24,-,7,23,-,8,28,-,55,35,-,59,22
Anguilla,2015,       15,100,97,<1,3,<1,-,-,-,-,-,-,97,<1,3,<1,-,-,88,88,-,97,<1,-,-,-,-,-,-,-,88,88,-,97,<1
Anguilla,2022,       16,100,-,-,-,-,,-,-,-,-,,-,-,-,-,,-,-,-,-,>99,-,-,-,-,-,-,-,-,-,-,-,>99,-
Antigua and Barbuda,2015,       90,25,98,<1,1,<1,-,98,<1,1,<1,-,98,<1,1,<1,-,-,38,91,-,98,<1,-,39,-,-,98,<1,-,35,-,-,98,<1
Antigua and Barbuda,2022,       94,24,98,<1,1,<1,,98,<1,1,<1,,98,<1,1,<1,,-,38,91,-,98,<1,-,39,-,-,98,<1,-,35,-,-,98,<1
Argentina,2015,   43 257,92,99,<1,<1,<1,-,93,<1,3,4,-,>99,<1,<1,<1,0.05,-,97,-,-,96,2,-,86,-,-,82,11,-,98,-,-,98,2
Argentina,2022,   45 510,92,-,-,-,-,,-,-,-,-,,>99,<1,<1,<1,0.05,-,-,-,-,-,-,-,-,-,-,-,-,-,>99,-,-,>99,<1
Armenia,2015,    2 879,63,>99,<1,<1,<1,0.21,>99,<1,<1,<1,0.50,>99,<1,<1,<1,0.05,83,98,91,83,97,3,-,96,91,-,93,6,-,99,91,-,>99,<1
Armenia,2022,    2 780,64,>99,<1,<1,<1,0.21,>99,<1,<1,<1,0.50,>99,<1,<1,<1,0.05,82,>99,92,82,>99,<1,-,>99,92,-,>99,<1,-,>99,91,-,>99,<1
Aruba,2015,      104,43,98,<1,2,<1,-,-,-,-,-,-,-,-,-,-,-,-,96,-,-,94,4,-,-,-,-,-,-,-,-,-,-,-,-
Aruba,2016,      105,43,98,<1,2,<1,,-,-,-,-,,-,-,-,-,,-,96,-,-,94,4,-,-,-,-,-,-,-,-,-,-,-,-
Australia,2015,   23 820,86,>99,<1,<1,<1,0.01,>99,<1,<1,<1,0.04,>99,<1,<1,<1,0.01,-,>99,96,-,97,3,-,>99,-,-,87,13,>99,>99,-,>99,>99,<1
Australia,2022,   26 177,86,>99,<1,<1,<1,0.01,>99,<1,<1,<1,0.04,>99,<1,<1,<1,0.01,-,>99,96,-,-,-,-,>99,-,-,-,-,>99,>99,-,>99,-,-
Austria,2015,    8 642,58,>99,<1,<1,<1,0.00,>99,<1,<1,<1,0.00,>99,<1,<1,<1,0.00,99,>99,99,>99,-,-,-,>99,>99,-,-,-,-,>99,99,-,-,-
Austria,2022,    8 940,59,>99,<1,<1,<1,0.00,>99,<1,<1,<1,0.00,>99,<1,<1,<1,0.00,99,>99,99,>99,-,-,-,>99,>99,-,-,-,-,>99,99,-,-,-
Azerbaijan,2015,    9 863,55,93,1,4,2,1.10,85,2,8,5,1.83,>99,<1,<1,<1,0.38,68,87,68,87,81,13,73,73,-,81,64,23,92,>99,-,92,95,4
Azerbaijan,2022,   10 358,57,98,1,1,<1,1.10,94,2,3,<1,1.83,>99,<1,<1,<1,0.38,72,92,72,92,94,5,81,81,-,91,86,11,92,>99,-,92,>99,<1
Bahamas,2015,      393,83,99,<1,1,<1,-,-,-,-,-,-,-,-,-,-,-,-,98,-,-,97,2,-,-,-,-,-,-,-,-,-,-,-,-
Bahamas,2019,      405,83,99,<1,1,<1,,-,-,-,-,,-,-,-,-,,-,98,-,-,97,2,-,-,-,-,-,-,-,-,-,-,-,-
Bahrain,2015,    1 362,89,>99,<1,<1,<1,0.00,-,-,-,-,-,-,-,-,-,-,99,99,>99,99,>99,<1,-,-,-,-,-,-,-,-,-,-,-,-
Bahrain,2022,    1 472,90,>99,<1,<1,<1,0.00,-,-,-,-,,-,-,-,-,,99,99,>99,>99,>99,<1,-,-,-,-,-,-,-,-,-,-,-,-
Bangladesh,2015,  157 830,34,97,1,<1,1,0.15,97,1,<1,1,0.21,98,1,<1,<1,-0.03,56,77,95,56,13,86,61,74,95,61,2,96,47,82,96,47,33,66
Bangladesh,2022,  171 186,40,98,1,<1,<1,0.15,98,<1,<1,<1,0.21,98,2,<1,<1,-0.03,59,83,96,59,15,84,62,82,96,62,3,96,54,85,97,54,33,67
Barbados,2015,      278,31,98,<1,1,<1,0.01,-,-,-,-,-,-,-,-,-,-,-,98,89,-,99,<1,-,-,-,-,-,-,-,-,-,-,-,-
Barbados,2022,      282,31,99,<1,1,<1,0.01,-,-,-,-,,-,-,-,-,,-,98,89,-,99,<1,-,-,-,-,-,-,-,-,-,-,-,-
Belarus,2015,    9 701,77,98,1,<1,<1,0.04,98,<1,1,<1,-0.06,99,1,<1,<1,0.07,92,94,92,99,92,8,-,86,76,-,73,26,-,97,97,-,97,3
Belarus,2022,    9 535,80,>99,<1,<1,<1,0.04,98,<1,2,<1,-0.06,>99,<1,<1,<1,0.07,93,>99,93,99,97,2,-,98,75,-,89,9,-,>99,97,-,>99,<1
Belgium,2015,   11 248,98,>99,<1,<1,<1,0.00,>99,<1,<1,<1,0.00,>99,<1,<1,<1,0.00,>99,>99,-,>99,>99,<1,-,>99,-,-,>99,<1,-,>99,-,-,>99,<1
Belgium,2022,   11 656,98,>99,<1,<1,<1,0.00,>99,<1,<1,<1,0.00,>99,<1,<1,<1,0.00,>99,>99,-,>99,>99,<1,-,>99,-,-,>99,<1,-,>99,-,-,>99,<1
Belize,2015,      360,45,97,1,2,<1,0.50,96,1,3,<1,0.62,>99,<1,<1,<1,0.35,-,95,-,-,83,15,-,93,-,-,75,22,-,98,-,-,93,7
Belize,2022,      405,46,98,1,<1,<1,0.50,98,1,<1,<1,0.62,99,1,<1,<1,0.35,-,97,-,-,87,12,-,96,-,-,79,20,-,98,-,-,96,4
Benin,2015,   10 933,46,66,8,21,5,0.26,58,10,24,8,0.39,75,5,18,2,-0.14,-,33,45,-,40,33,-,20,38,-,28,40,-,49,54,-,54,26
Benin,2022,   13 353,50,67,8,22,3,0.26,61,11,24,5,0.39,74,5,20,<1,-0.14,-,32,50,-,39,37,-,20,45,-,30,42,-,44,55,-,48,32
Bermuda,2015,       63,100,>99,<1,<1,<1,0.00,-,-,-,-,-,>99,<1,<1,<1,0.00,-,>99,-,-,>99,<1,-,-,-,-,-,-,-,>99,-,-,>99,<1
Bermuda,2022,       64,100,>99,<1,<1,<1,0.00,-,-,-,-,,>99,<1,<1,<1,0.00,-,>99,-,-,>99,<1,-,-,-,-,-,-,-,>99,-,-,>99,<1
Bhutan,2015,      743,39,97,1,<1,<1,0.76,97,1,<1,1,0.95,98,<1,<1,<1,0.18,47,86,87,47,98,1,49,83,87,49,97,2,45,91,86,45,>99,<1
Bhutan,2022,      782,44,>99,<1,<1,<1,0.76,99,1,<1,<1,0.95,>99,<1,<1,<1,0.18,73,91,87,77,>99,<1,85,85,89,91,>99,<1,59,>99,86,59,>99,<1
Bolivia (Plurinational State of),2015,   11 090,68,90,<1,3,7,0.61,73,<1,6,20,1.08,98,<1,1,<1,0.19,-,83,-,-,70,21,-,57,-,-,30,43,-,95,81,-,88,10
Bolivia (Plurinational State of),2022,   12 224,71,94,<1,1,4,0.61,81,<1,4,15,1.08,>99,<1,<1,<1,0.19,-,87,-,-,67,27,-,63,-,-,21,60,-,96,80,-,86,14
"Bonaire, Sint Eustatius and Saba",2015,       23,75,>99,<1,<1,<1,0.06,-,-,-,-,-,-,-,-,-,-,95,95,-,>99,91,9,-,-,-,-,-,-,-,-,-,-,-,-
"Bonaire, Sint Eustatius and Saba",2022,       27,75,>99,<1,<1,<1,0.06,-,-,-,-,,-,-,-,-,,>99,>99,-,>99,>99,<1,-,-,-,-,-,-,-,-,-,-,-,-
Bosnia and Herzegovina,2015,    3 524,47,96,4,<1,<1,-0.05,97,3,<1,<1,0.05,95,5,<1,<1,-0.17,89,91,89,91,95,5,-,92,88,-,93,7,-,90,90,-,98,2
Bosnia and Herzegovina,2022,    3 234,50,96,4,<1,<1,-0.05,97,3,<1,<1,0.05,95,5,<1,<1,-0.17,87,91,89,87,-,-,-,92,88,-,-,-,-,90,90,-,-,-
Botswana,2015,    2 305,67,89,8,2,1,0.79,72,22,3,3,1.19,97,2,1,<1,0.15,-,76,68,-,91,6,-,45,51,-,77,17,76,92,76,83,97,1
Botswana,2022,    2 630,72,93,5,2,<1,0.79,80,15,3,2,1.19,98,<1,2,<1,0.15,-,83,66,-,91,6,-,51,47,-,77,18,73,95,73,83,97,1
Brazil,2015,  205 188,86,98,<1,<1,1,0.28,89,3,<1,8,1.12,>99,<1,<1,<1,0.08,82,97,90,82,96,2,63,82,77,63,79,13,85,99,92,85,99,<1
Brazil,2022,  215 313,88,>99,<1,<1,-,0.28,98,<1,2,-,1.12,>99,<1,<1,<1,0.08,87,>99,91,87,99,<1,76,98,82,76,90,8,89,>99,92,89,>99,<1
British Virgin Islands,2015,       29,47,>99,<1,<1,<1,0.21,-,-,-,-,-,-,-,-,-,-,-,98,-,-,96,4,-,-,-,-,-,-,-,-,-,-,-,-
British Virgin Islands,2022,       31,49,>99,<1,<1,<1,0.21,-,-,-,-,,-,-,-,-,,-,98,-,-,-,-,-,-,-,-,-,-,-,-,-,-,-,-
Brunei Darussalam,2015,      421,77,>99,<1,<1,<1,0.00,-,-,-,-,-,-,-,-,-,-,-,>99,-,-,>99,<1,-,-,-,-,-,-,-,-,-,-,-,-
Brunei Darussalam,2022,      449,79,>99,<1,<1,<1,0.00,-,-,-,-,,-,-,-,-,,-,>99,-,-,>99,<1,-,-,-,-,-,-,-,-,-,-,-,-
Bulgaria,2015,    7 309,74,>99,<1,<1,<1,-0.03,98,<1,2,<1,-0.11,>99,<1,<1,<1,-0.01,97,>99,97,97,>99,<1,-,98,-,-,98,<1,-,>99,-,-,>99,<1
Bulgaria,2022,    6 782,76,>99,<1,<1,<1,-0.03,97,<1,3,<1,-0.11,>99,<1,<1,<1,-0.01,96,>99,96,99,>99,<1,-,97,-,-,97,<1,-,>99,-,-,>99,<1
Burkina Faso,2015,   18 718,28,51,25,23,2,-0.37,40,29,29,3,-0.82,80,13,6,<1,0.09,-,15,48,-,28,47,-,2,43,-,9,60,-,49,59,-,78,15
Burkina Faso,2022,   22 674,32,50,29,21,<1,-0.37,35,37,28,<1,-0.82,81,14,5,<1,0.09,-,21,56,-,32,47,-,3,56,-,10,61,-,59,56,-,78,17
Burundi,2015,   10 727,12,60,20,15,6,0.54,56,21,17,7,0.45,89,8,2,1,0.39,-,9,44,-,33,46,-,3,42,-,25,51,-,55,58,-,88,9
Burundi,2022,   12 890,14,62,19,15,4,0.54,58,21,17,4,0.45,91,8,1,<1,0.39,-,11,45,-,39,43,-,3,43,-,30,49,-,58,53,-,91,8
Cabo Verde,2015,      552,64,85,10,4,<1,0.49,74,17,10,<1,0.61,92,7,1,<1,0.26,-,82,76,-,85,11,-,74,71,-,72,18,-,86,79,-,91,7
Cabo Verde,2022,      593,68,90,7,3,<1,0.49,83,9,8,<1,0.61,93,7,<1,<1,0.26,-,90,84,-,90,7,-,83,77,-,77,15,-,93,87,-,96,4
Cambodia,2015,   15 418,22,71,6,9,13,1.19,66,7,11,16,1.24,90,4,2,4,0.64,25,48,68,25,25,53,17,41,65,17,13,60,54,71,81,54,66,28
Cambodia,2022,   16 768,25,78,12,3,7,1.19,73,13,4,10,1.24,94,6,<1,<1,0.64,29,48,79,29,34,55,20,41,76,20,20,66,58,68,87,58,77,23
Cameroon,2015,   23 013,55,66,12,16,6,0.60,47,12,29,12,0.83,82,11,6,<1,-0.05,-,27,31,-,41,37,-,7,25,-,15,44,-,44,36,-,63,30
Cameroon,2022,   27 915,59,70,14,12,4,0.60,52,16,23,9,0.83,82,13,4,1,-0.05,-,37,42,-,42,42,-,9,31,-,17,51,-,56,49,-,59,35
Canada,2015,   35 732,81,>99,<1,<1,<1,0.00,99,<1,1,<1,0.04,>99,<1,<1,<1,-0.01,99,99,-,>99,>99,<1,-,98,-,-,99,<1,-,>99,-,-,>99,<1
Canada,2022,   38 454,82,>99,<1,<1,<1,0.00,>99,<1,<1,<1,0.04,>99,<1,<1,<1,-0.01,>99,>99,-,>99,>99,<1,-,99,-,-,>99,<1,-,>99,-,-,>99,<1
Cayman Islands,2015,       61,100,96,<1,4,<1,-,-,-,-,-,-,96,<1,4,<1,-,-,92,82,-,88,7,-,-,-,-,-,-,-,92,82,-,88,7
Cayman Islands,2022,       69,100,95,<1,4,<1,,-,-,-,-,,95,<1,4,<1,,-,93,82,-,91,4,-,-,-,-,-,-,-,93,82,-,91,4
Central African Republic,2015,    4 819,40,42,21,32,4,-1.03,32,17,44,7,-0.77,58,27,15,<1,-1.60,7,7,38,30,16,48,3,3,31,23,1,48,13,13,49,40,37,48
Central African Republic,2022,    5 579,43,36,27,34,3,-1.03,27,20,47,6,-0.77,48,36,16,<1,-1.60,6,6,37,29,14,49,2,2,34,22,<1,47,11,11,42,40,31,52
Chad,2015,   14 140,23,48,12,33,7,0.61,39,13,39,9,0.68,77,10,12,<1,0.16,6,11,48,13,17,43,3,3,42,11,7,45,17,41,67,17,49,38
Chad,2022,   17 723,24,52,13,28,7,0.61,44,12,35,9,0.68,78,13,8,<1,0.16,6,10,51,14,17,48,3,3,45,12,7,49,18,33,70,18,47,45
Channel Islands,2015,-,-,94,<1,6,<1,-,-,-,-,-,-,-,-,-,-,-,92,92,-,94,90,4,-,-,-,-,-,-,-,-,-,-,-,-
Channel Islands,2017,-,-,94,<1,6,<1,,-,-,-,-,,-,-,-,-,,92,92,-,94,90,4,-,-,-,-,-,-,-,-,-,-,-,-
Chile,2015,   17 870,87,>99,<1,<1,<1,0.19,97,<1,3,<1,1.13,>99,<1,<1,<1,0.04,98,99,99,98,99,<1,-,90,-,-,94,4,>99,>99,>99,>99,>99,<1
Chile,2022,   19 604,88,>99,<1,<1,<1,0.19,>99,<1,<1,<1,1.13,>99,<1,<1,<1,0.04,99,>99,>99,99,>99,<1,-,98,-,-,>99,<1,>99,>99,>99,>99,>99,<1
China,2015,1 417 228,56,93,<1,6,<1,0.85,86,2,11,1,1.27,98,<1,1,<1,0.03,-,90,90,-,76,17,-,80,81,-,57,30,94,97,96,94,92,7
China,2022,1 449 781,64,98,<1,2,<1,0.85,96,<1,3,<1,1.27,98,<1,1,<1,0.03,-,97,96,-,86,12,-,96,93,-,72,25,98,98,98,99,94,5
"China, Hong Kong SAR",2015,    7 400,100,>99,<1,<1,<1,0.06,-,-,-,-,-,>99,<1,<1,<1,0.06,>99,>99,-,>99,>99,<1,-,-,-,-,-,-,>99,>99,-,>99,>99,<1
"China, Hong Kong SAR",2022,    7 489,100,>99,<1,<1,<1,0.06,-,-,-,-,,>99,<1,<1,<1,0.06,>99,>99,-,>99,>99,<1,-,-,-,-,-,-,>99,>99,-,>99,>99,<1
"China, Macao SAR",2015,      615,100,>99,<1,<1,<1,0.00,-,-,-,-,-,>99,<1,<1,<1,0.00,>99,>99,>99,>99,>99,<1,-,-,-,-,-,-,>99,>99,>99,>99,>99,<1
"China, Macao SAR",2022,      695,100,>99,<1,<1,<1,0.00,-,-,-,-,,>99,<1,<1,<1,0.00,>99,>99,>99,>99,>99,<1,-,-,-,-,-,-,>99,>99,>99,>99,>99,<1
Colombia,2015,   47 120,80,96,<1,2,2,0.25,83,<1,7,10,0.58,>99,<1,<1,<1,0.07,73,95,76,80,88,8,38,80,-,38,59,24,81,>99,81,91,95,4
Colombia,2022,   51 874,82,98,<1,<1,2,0.25,87,<1,3,10,0.58,>99,<1,<1,<1,0.07,74,97,76,82,89,9,40,85,-,40,60,27,81,>99,81,92,95,5
Comoros,2015,      730,28,80,11,8,<1,-,77,12,11,<1,-,88,9,2,<1,-,-,65,-,-,59,32,-,63,-,-,53,36,-,71,-,-,76,21
Comoros,2019,      791,29,80,11,9,-,,77,12,12,-,,88,9,2,<1,,-,65,-,-,59,32,-,63,-,-,53,36,-,71,-,-,76,21
Congo,2015,    5 064,66,71,11,12,7,-,41,11,29,19,-,87,10,3,<1,-,44,49,-,45,54,27,17,17,-,19,10,42,58,65,-,58,77,20
Congo,2021,    5 836,68,74,10,9,6,,46,11,24,19,,87,10,3,<1,,46,53,-,47,55,29,19,19,-,21,11,46,59,69,-,59,76,21
Cook Islands,2015,       18,74,>99,<1,<1,<1,0.00,-,-,-,-,-,-,-,-,-,-,-,87,-,-,85,15,-,-,-,-,-,-,-,-,-,-,-,-
Cook Islands,2022,       17,76,>99,<1,<1,<1,0.00,-,-,-,-,,-,-,-,-,,-,87,-,-,89,11,-,-,-,-,-,-,-,-,-,-,-,-
Costa Rica,2015,    4 895,77,>99,<1,<1,<1,0.24,98,<1,<1,<1,0.54,>99,<1,<1,<1,0.03,80,99,80,93,99,<1,80,97,80,83,96,2,80,>99,80,96,>99,<1
Costa Rica,2022,    5 181,82,>99,<1,<1,<1,0.24,>99,<1,<1,<1,0.54,>99,<1,<1,<1,0.03,81,>99,81,94,>99,<1,81,99,81,84,>99,<1,80,>99,80,96,>99,<1
Côte d'Ivoire,2015,   23 597,49,72,8,14,5,0.10,57,13,22,8,0.13,88,4,6,2,-0.21,35,49,41,46,47,34,24,24,36,27,27,43,46,73,46,64,67,24
Côte d'Ivoire,2022,   28 161,53,73,8,13,6,0.10,58,13,21,8,0.13,86,4,6,4,-0.21,44,52,60,47,49,32,27,28,62,27,29,42,59,73,59,64,66,24
Croatia,2015,    4 255,56,-,-,-,-,-,-,-,-,-,-,>99,<1,<1,<1,0.00,-,-,-,-,-,-,-,-,-,-,-,-,97,97,-,97,-,-
Croatia,2022,    4 030,58,-,-,-,-,,-,-,-,-,,>99,<1,<1,<1,0.00,-,-,-,-,-,-,-,-,-,-,-,-,97,97,-,97,-,-
Cuba,2015,   11 340,77,94,3,3,<1,0.13,87,6,6,1,0.65,96,2,2,<1,-0.04,-,89,88,-,78,18,-,79,85,-,55,38,-,92,89,-,85,13
Cuba,2022,   11 212,77,95,3,2,<1,0.13,92,5,2,1,0.65,95,2,2,<1,-0.04,-,93,89,-,80,18,-,92,89,-,57,40,-,93,89,-,87,11
Curaçao,2015,      170,89,>99,<1,<1,<1,-,-,-,-,-,-,-,-,-,-,-,-,>99,-,-,99,<1,-,-,-,-,-,-,-,-,-,-,-,-
Curaçao,2017,      172,89,>99,<1,<1,<1,,-,-,-,-,,-,-,-,-,,-,>99,-,-,99,<1,-,-,-,-,-,-,-,-,-,-,-,-
Cyprus,2015,    1 187,67,>99,<1,<1,<1,-0.01,>99,<1,<1,<1,0.00,>99,<1,<1,<1,-0.01,99,>99,-,99,>99,<1,-,>99,-,-,>99,<1,-,>99,-,-,>99,<1
Cyprus,2022,    1 251,67,>99,<1,<1,<1,-0.01,>99,<1,<1,<1,0.00,>99,<1,<1,<1,-0.01,>99,>99,-,>99,>99,<1,-,>99,-,-,>99,<1,-,>99,-,-,>99,<1
Czechia,2015,   10 524,73,>99,<1,<1,<1,0.00,>99,<1,<1,<1,0.01,>99,<1,<1,<1,0.00,98,98,-,>99,>99,<1,98,98,-,99,>99,<1,98,98,>99,>99,>99,<1
Czechia,2022,   10 494,74,>99,<1,<1,<1,0.00,>99,<1,<1,<1,0.01,>99,<1,<1,<1,0.00,98,98,-,>99,>99,<1,98,98,-,>99,>99,<1,98,98,>99,>99,>99,<1
Democratic People's Republic of Korea,2015,   25 258,61,95,<1,4,<1,-0.25,92,<1,7,<1,-0.49,97,<1,2,<1,-0.10,67,76,95,74,70,26,50,72,91,50,57,35,77,77,97,89,78,20
Democratic People's Republic of Korea,2022,   26 069,63,94,<1,5,-,-0.25,89,<1,11,-,-0.49,97,<1,2,<1,-0.10,67,74,93,74,65,30,49,70,88,49,50,39,77,77,97,88,74,24
Democratic Republic of the Congo,2015,   78 657,43,36,18,35,10,-0.11,16,14,53,17,-0.26,63,23,12,2,-0.52,12,12,40,37,32,22,<1,<1,26,22,7,23,27,27,58,58,65,21
Democratic Republic of the Congo,2022,   99 010,47,35,24,33,8,-0.11,14,18,54,14,-0.26,59,30,9,<1,-0.52,12,12,43,41,36,23,<1,<1,28,23,8,24,24,24,60,60,67,22
Denmark,2015,    5 678,88,>99,<1,<1,<1,0.00,>99,<1,<1,<1,0.00,>99,<1,<1,<1,0.00,99,>99,-,99,>99,<1,-,-,-,-,>99,<1,-,-,-,-,>99,<1
Denmark,2022,    5 882,88,>99,<1,<1,<1,0.00,>99,<1,<1,<1,0.00,>99,<1,<1,<1,0.00,>99,>99,-,>99,>99,<1,-,-,-,-,>99,<1,-,-,-,-,>99,<1
Djibouti,2015,    1 006,77,76,15,7,2,0.03,49,12,30,8,-0.32,84,15,<1,<1,0.10,-,46,-,-,81,9,-,5,-,-,27,35,-,58,-,-,97,2
Djibouti,2022,    1 121,78,76,15,7,2,0.03,47,12,31,10,-0.32,84,16,<1,<1,0.10,-,47,-,-,83,8,-,5,-,-,26,33,-,58,-,-,>99,<1
Dominica,2015,       70,70,95,<1,5,<1,-,-,-,-,-,-,-,-,-,-,-,-,81,52,-,94,1,-,-,-,-,-,-,-,-,-,-,-,-
Dominica,2017,       70,70,95,<1,5,<1,,-,-,-,-,,-,-,-,-,,-,81,52,-,94,1,-,-,-,-,-,-,-,-,-,-,-,-
Dominican Republic,2015,   10 406,79,95,1,2,2,0.27,88,3,2,6,0.47,97,1,1,<1,0.05,44,91,82,44,80,17,35,78,70,35,64,27,47,94,85,47,84,14
Dominican Republic,2022,   11 229,84,97,<1,1,2,0.27,91,<1,<1,7,0.47,98,<1,1,<1,0.05,45,96,90,45,80,17,35,85,85,35,66,27,47,98,91,47,83,15
Ecuador,2015,   16 196,63,93,<1,3,4,0.61,83,<1,7,10,0.84,>99,<1,<1,<1,0.42,65,91,89,65,86,7,50,80,77,50,69,14,74,97,96,74,96,3
Ecuador,2022,   18 001,65,96,<1,3,2,0.61,88,<1,7,5,0.84,>99,<1,<1,<1,0.42,67,96,92,67,91,4,53,88,82,53,75,12,75,>99,97,75,>99,<1
Egypt,2015,   97 724,43,99,<1,1,<1,0.02,98,<1,1,<1,0.05,>99,<1,<1,<1,-0.01,-,97,80,-,97,2,-,96,77,-,96,3,-,98,84,-,99,<1
Egypt,2022,  110 990,43,99,<1,<1,<1,0.02,98,<1,1,<1,0.05,>99,<1,<1,<1,-0.01,-,98,82,-,99,<1,-,97,79,-,99,<1,-,98,87,-,99,<1
El Salvador,2015,    6 231,70,95,<1,2,3,0.91,87,2,3,8,1.69,99,<1,<1,<1,0.30,-,89,75,-,87,9,-,75,62,-,71,17,81,96,81,98,94,5
El Salvador,2022,    6 336,75,99,<1,<1,1,0.91,94,<1,<1,5,1.69,>99,<1,<1,<1,0.30,-,93,75,-,93,6,-,81,65,-,84,12,79,97,79,>99,96,4
Equatorial Guinea,2015,    1 347,71,64,3,26,7,-,31,1,46,22,-,78,4,18,<1,-,-,16,-,-,41,27,-,2,-,-,22,10,-,23,-,-,48,34
Equatorial Guinea,2017,    1 451,72,65,3,26,6,,31,1,46,22,,78,4,18,<1,,-,17,-,-,41,27,-,2,-,-,22,10,-,23,-,-,48,34
Eritrea,2015,    3 340,38,51,18,14,17,-,28,24,20,28,-,90,7,3,<1,-,-,34,-,-,52,18,-,8,-,-,41,11,-,74,-,-,69,27
Eritrea,2016,    3 365,39,52,18,13,17,,28,24,20,28,,90,7,3,<1,,-,34,-,-,52,18,-,8,-,-,41,11,-,74,-,-,69,27
Estonia,2015,    1 315,68,>99,<1,<1,<1,0.12,>99,<1,<1,<1,0.32,>99,<1,<1,<1,0.03,97,97,>99,97,96,4,-,93,-,-,89,11,-,99,-,-,>99,<1
Estonia,2022,    1 326,70,>99,<1,<1,<1,0.12,>99,<1,<1,<1,0.32,>99,<1,<1,<1,0.03,97,97,>99,98,>99,<1,-,93,-,-,>99,<1,-,99,-,-,>99,<1
Eswatini,2015,    1 134,23,67,9,10,15,0.91,58,11,12,19,1.00,95,<1,2,2,0.48,-,47,47,-,57,18,-,34,37,-,46,23,79,90,79,88,91,5
Eswatini,2022,    1 202,25,73,10,7,9,0.91,65,13,10,12,1.00,98,<1,<1,<1,0.48,-,53,48,-,62,22,-,39,39,-,51,27,78,94,78,93,95,4
Ethiopia,2015,  102 472,19,42,21,24,13,1.49,32,23,29,15,1.52,81,14,3,2,0.32,10,15,52,13,35,28,3,3,51,7,23,32,38,63,56,38,85,10
Ethiopia,2022,  123 380,23,52,28,16,4,1.49,42,32,20,5,1.52,83,14,1,1,0.32,13,22,67,16,44,35,6,6,67,9,32,42,39,76,68,39,85,12
Falkland Islands (Malvinas),2015,        3,76,95,<1,5,<1,-,78,<1,22,<1,-,>99,<1,<1,<1,0.00,-,92,-,-,90,5,-,67,-,-,56,22,-,>99,-,-,>99,<1
Falkland Islands (Malvinas),2022,        4,79,-,-,-,-,,-,-,-,-,,>99,<1,<1,<1,0.00,-,-,-,-,-,-,-,-,-,-,-,-,-,>99,-,-,>99,<1
Faroe Islands,2015,       49,42,>99,<1,<1,<1,0.00,-,-,-,-,-,-,-,-,-,-,-,>99,-,-,>99,<1,-,-,-,-,-,-,-,-,-,-,-,-
Faroe Islands,2022,       53,43,>99,<1,<1,<1,0.00,-,-,-,-,,-,-,-,-,,-,>99,-,-,>99,<1,-,-,-,-,-,-,-,-,-,-,-,-
Fiji,2015,      917,55,95,<1,2,2,0.03,91,1,3,4,-0.02,99,<1,<1,<1,0.01,41,94,52,59,87,9,27,88,52,27,74,18,52,98,52,86,98,1
Fiji,2022,      930,58,95,<1,2,2,0.03,91,1,4,4,-0.02,99,<1,<1,<1,0.01,42,94,52,62,89,7,27,88,52,27,77,16,53,98,53,86,98,<1
Finland,2015,    5 479,85,>99,<1,<1,<1,0.00,>99,<1,<1,<1,0.00,>99,<1,<1,<1,0.00,>99,>99,-,>99,>99,<1,-,98,-,-,>99,<1,-,>99,-,-,>99,<1
Finland,2022,    5 541,86,>99,<1,<1,<1,0.00,>99,<1,<1,<1,0.00,>99,<1,<1,<1,0.00,>99,>99,-,>99,>99,<1,-,98,-,-,>99,<1,-,>99,-,-,>99,<1
France,2015,   63 810,80,>99,<1,<1,<1,0.00,>99,<1,<1,<1,0.00,>99,<1,<1,<1,0.00,99,>99,-,99,>99,<1,98,>99,-,98,>99,<1,99,>99,-,99,>99,<1
France,2022,   64 627,82,>99,<1,<1,<1,0.00,>99,<1,<1,<1,0.00,>99,<1,<1,<1,0.00,>99,>99,-,>99,>99,<1,98,>99,-,98,>99,<1,>99,>99,-,>99,>99,<1
French Guiana,2015,      257,84,94,<1,6,<1,-,-,-,-,-,-,-,-,-,-,-,91,91,-,93,88,6,-,-,-,-,-,-,-,-,-,-,-,-
French Guiana,2022,      305,86,94,<1,6,<1,,-,-,-,-,,-,-,-,-,,91,91,-,94,89,6,-,-,-,-,-,-,-,-,-,-,-,-
French Polynesia,2015,      292,62,>99,<1,<1,<1,0.00,-,-,-,-,-,-,-,-,-,-,88,98,-,88,>99,<1,-,-,-,-,-,-,-,-,-,-,-,-
French Polynesia,2022,      306,62,>99,<1,<1,<1,0.00,-,-,-,-,,-,-,-,-,,82,98,-,82,>99,<1,-,-,-,-,-,-,-,-,-,-,-,-
Gabon,2015,    2 029,88,85,8,4,4,0.30,49,11,15,24,0.65,89,7,2,1,-0.04,-,69,32,-,86,6,-,21,14,-,27,33,-,76,35,-,94,3
Gabon,2022,    2 389,91,87,8,3,2,0.30,55,13,17,15,0.65,90,7,2,<1,-0.04,-,72,33,-,88,6,-,23,16,-,30,38,-,77,35,-,94,3
Gambia,2015,    2 253,59,82,8,11,<1,0.62,72,13,15,<1,0.62,88,4,8,<1,0.39,42,42,69,53,73,16,9,9,62,33,56,28,65,65,73,67,84,8
Gambia,2022,    2 706,64,86,6,8,<1,0.62,76,13,11,<1,0.62,91,2,7,<1,0.39,48,53,71,56,79,12,12,12,65,35,71,18,68,76,74,68,84,9
Georgia,2015,    3 771,57,93,3,3,<1,0.02,86,7,7,<1,-0.06,99,<1,<1,<1,0.02,67,93,79,68,80,17,40,86,67,40,59,34,88,99,88,89,95,5
Georgia,2022,    3 744,60,95,3,2,<1,0.02,89,6,5,<1,-0.06,>99,<1,<1,<1,0.02,69,95,80,70,85,13,41,89,68,41,66,29,88,>99,88,89,97,2
Germany,2015,   82 073,77,>99,<1,<1,<1,0.00,>99,<1,<1,<1,0.00,>99,<1,<1,<1,0.00,>99,>99,>99,>99,>99,<1,>99,>99,-,>99,>99,<1,>99,>99,-,>99,>99,<1
Germany,2022,   83 370,78,>99,<1,<1,<1,0.00,>99,<1,<1,<1,0.00,>99,<1,<1,<1,0.00,>99,>99,>99,>99,>99,<1,>99,>99,-,>99,>99,<1,>99,>99,-,>99,>99,<1
Ghana,2015,   28 871,54,81,8,4,8,1.05,68,11,6,15,0.92,92,5,2,1,0.86,33,33,76,53,52,37,11,11,68,43,27,51,52,52,83,62,72,25
Ghana,2022,   33 476,59,88,6,2,4,1.05,74,12,4,10,0.92,98,2,<1,<1,0.86,44,46,87,56,57,38,19,19,82,46,34,52,63,65,91,63,73,27
Gibraltar,2015,       33,100,>99,<1,<1,<1,0.00,-,-,-,-,-,>99,<1,<1,<1,0.00,>99,>99,-,>99,>99,<1,-,-,-,-,-,-,>99,>99,-,>99,>99,<1
Gibraltar,2022,       33,100,>99,<1,<1,<1,0.00,-,-,-,-,,>99,<1,<1,<1,0.00,>99,>99,-,>99,>99,<1,-,-,-,-,-,-,>99,>99,-,>99,>99,<1
Greece,2015,   10 807,78,>99,<1,<1,<1,0.01,>99,<1,<1,<1,0.05,>99,<1,<1,<1,0.00,>99,>99,-,>99,>99,<1,-,>99,-,-,>99,<1,-,>99,-,-,>99,<1
Greece,2022,   10 385,80,>99,<1,<1,<1,0.01,>99,<1,<1,<1,0.05,>99,<1,<1,<1,0.00,99,>99,-,99,>99,<1,-,>99,-,-,>99,<1,-,>99,-,-,>99,<1
Greenland,2015,       56,86,>99,<1,<1,<1,0.00,-,-,-,-,-,-,-,-,-,-,-,90,-,-,>99,<1,-,-,-,-,-,-,-,-,-,-,-,-
Greenland,2022,       56,88,>99,<1,<1,<1,0.00,-,-,-,-,,-,-,-,-,,-,90,-,-,>99,<1,-,-,-,-,-,-,-,-,-,-,-,-
Grenada,2015,      119,36,96,1,<1,3,-,-,-,-,-,-,-,-,-,-,-,90,90,92,91,92,4,-,-,-,-,-,-,-,-,-,-,-,-
Grenada,2017,      121,36,96,1,<1,3,,-,-,-,-,,-,-,-,-,,90,90,92,93,92,4,-,-,-,-,-,-,-,-,-,-,-,-
Guadeloupe,2015,      399,98,>99,<1,<1,<1,-,-,-,-,-,-,-,-,-,-,-,98,>99,-,98,>99,<1,-,-,-,-,-,-,-,-,-,-,-,-
Guadeloupe,2022,      396,99,>99,<1,<1,<1,,-,-,-,-,,-,-,-,-,,96,>99,-,96,>99,<1,-,-,-,-,-,-,-,-,-,-,-,-
Guam,2015,      168,95,>99,<1,<1,<1,0.01,-,-,-,-,-,-,-,-,-,-,>99,>99,-,>99,>99,<1,-,-,-,-,-,-,-,-,-,-,-,-
Guam,2022,      172,95,>99,<1,<1,<1,0.01,-,-,-,-,,-,-,-,-,,>99,>99,-,>99,-,-,-,-,-,-,-,-,-,-,-,-,-,-
Guatemala,2015,   16 001,50,92,<1,5,2,0.37,87,2,7,4,0.54,97,<1,2,<1,0.12,54,84,60,56,77,16,44,75,55,44,65,24,64,94,64,68,90,8
Guatemala,2022,   17 844,53,95,1,3,2,0.37,91,2,4,3,0.54,98,<1,2,<1,0.12,56,88,62,58,78,18,46,80,58,46,65,27,66,95,66,68,89,9
Guinea,2015,   11 626,35,63,15,12,11,0.97,51,17,16,16,0.92,84,10,5,<1,0.77,-,30,31,-,23,54,-,13,27,-,6,62,-,61,37,-,56,38
Guinea,2022,   13 859,38,71,12,8,8,0.97,59,16,13,13,0.92,92,6,2,<1,0.77,-,38,29,-,23,61,-,18,29,-,8,67,-,70,29,-,47,51
Guinea-Bissau,2015,    1 789,42,61,11,27,1,0.29,50,9,39,2,0.45,75,13,12,<1,-0.21,22,22,57,43,37,34,11,11,56,33,22,37,38,38,59,57,58,30
Guinea-Bissau,2022,    2 106,45,62,15,22,<1,0.29,53,12,34,2,0.45,73,18,8,<1,-0.21,24,24,61,46,48,29,14,14,61,36,32,32,36,36,61,59,67,25
Guyana,2015,      755,26,94,2,2,2,0.33,93,2,3,3,0.44,96,3,<1,<1,0.07,-,85,85,-,69,27,-,86,85,-,64,31,-,84,87,-,83,16
Guyana,2022,      809,27,96,2,<1,<1,0.33,96,2,1,1,0.44,96,4,<1,<1,0.07,-,89,88,-,70,28,-,90,88,-,65,33,-,84,87,-,84,16
Haiti,2015,   10 564,52,65,9,25,<1,0.51,42,12,44,2,0.11,85,6,9,<1,-0.01,-,11,61,-,26,48,-,8,44,-,25,29,-,14,78,-,26,65
Haiti,2022,   11 585,59,67,10,23,<1,0.51,43,13,44,<1,0.11,85,7,8,<1,-0.01,-,8,64,-,19,58,-,7,45,-,24,32,-,8,78,-,15,77
Honduras,2015,    9 295,55,93,<1,6,<1,0.48,86,1,11,1,0.64,98,<1,1,<1,0.15,62,88,75,62,88,6,43,78,71,43,79,8,77,96,78,77,95,4
Honduras,2022,   10 433,60,96,1,3,<1,0.48,91,1,8,<1,0.64,>99,<1,<1,<1,0.15,65,90,87,65,92,5,46,80,78,46,86,6,78,97,94,78,96,4
Hungary,2015,    9 844,71,>99,<1,<1,<1,0.00,>99,<1,<1,<1,0.00,>99,<1,<1,<1,0.00,92,>99,>99,92,>99,<1,88,>99,>99,88,99,<1,93,>99,>99,93,>99,<1
Hungary,2022,    9 967,73,>99,<1,<1,<1,0.00,>99,<1,<1,<1,0.00,>99,<1,<1,<1,0.00,>99,>99,>99,>99,>99,<1,>99,>99,>99,>99,>99,<1,>99,>99,>99,>99,>99,<1
Iceland,2015,      331,94,>99,<1,<1,<1,0.00,>99,<1,<1,<1,0.00,>99,<1,<1,<1,0.00,98,>99,-,98,>99,<1,-,>99,-,-,>99,<1,-,>99,-,-,>99,<1
Iceland,2022,      373,94,>99,<1,<1,<1,0.00,>99,<1,<1,<1,0.00,>99,<1,<1,<1,0.00,>99,>99,-,>99,>99,<1,-,>99,-,-,>99,<1,-,>99,-,-,>99,<1
India,2015,1 322 867,33,89,4,6,<1,0.61,87,5,7,1,0.76,95,2,3,<1,0.18,-,61,72,-,45,49,53,53,69,66,33,59,-,77,80,-,68,29
India,2022,1 417 173,36,93,4,2,<1,0.61,92,5,2,<1,0.76,96,3,1,<1,0.18,-,72,71,-,45,53,66,66,69,86,33,64,-,82,75,-,66,33
Indonesia,2015,  259 092,53,89,<1,9,2,0.86,81,<1,15,3,1.05,95,<1,4,<1,0.42,28,67,81,28,22,68,22,58,74,22,11,71,34,74,88,34,31,65
Indonesia,2022,  275 501,58,94,<1,4,<1,0.86,88,1,9,2,1.05,98,<1,<1,<1,0.42,30,70,86,30,23,72,24,64,81,24,14,76,35,74,91,35,30,69
Iran (Islamic Republic of),2015,   81 791,73,97,2,1,<1,0.16,92,4,3,<1,0.33,98,1,<1,<1,0.03,93,93,-,96,98,1,86,86,-,89,93,3,96,96,-,98,>99,<1
Iran (Islamic Republic of),2022,   88 551,77,98,2,<1,<1,0.16,94,4,1,<1,0.33,99,1,<1,<1,0.03,94,94,-,98,>99,<1,88,88,-,99,97,2,96,96,-,98,>99,<1
Iraq,2015,   37 758,70,94,1,2,3,0.80,85,3,3,10,1.85,98,<1,1,<1,0.30,57,88,67,57,82,14,43,75,53,43,64,23,64,94,73,64,89,10
Iraq,2022,   44 496,71,98,<1,<1,<1,0.80,95,3,<1,3,1.85,>99,<1,<1,<1,0.30,60,94,74,60,84,16,48,93,62,48,72,25,65,95,78,65,88,12
Ireland,2015,    4 666,63,96,<1,4,<1,-0.06,97,<1,3,<1,-0.02,96,<1,4,<1,-0.07,95,96,-,95,96,<1,-,97,-,-,97,<1,-,96,-,-,96,<1
Ireland,2022,    5 023,64,96,<1,4,<1,-0.06,97,<1,3,<1,-0.02,95,<1,5,<1,-0.07,96,96,-,96,96,<1,-,97,-,-,97,<1,-,95,-,-,95,<1
Isle of Man,2015,       84,52,99,<1,1,<1,-,-,-,-,-,-,-,-,-,-,-,97,97,-,99,98,1,-,-,-,-,-,-,-,-,-,-,-,-
Isle of Man,2022,       85,53,>99,<1,<1,<1,,-,-,-,-,,-,-,-,-,,>99,>99,-,>99,>99,<1,-,-,-,-,-,-,-,-,-,-,-,-
Israel,2015,    8 008,92,>99,<1,<1,<1,0.00,>99,<1,<1,<1,0.00,>99,<1,<1,<1,0.00,>99,>99,-,>99,>99,<1,>99,>99,-,>99,>99,<1,>99,>99,-,>99,>99,<1
Israel,2022,    9 038,93,>99,<1,<1,<1,0.00,>99,<1,<1,<1,0.00,>99,<1,<1,<1,0.00,>99,>99,-,>99,>99,<1,>99,>99,-,>99,>99,<1,>99,>99,-,>99,>99,<1
Italy,2015,   60 233,70,>99,<1,<1,<1,0.02,-,-,-,-,-,-,-,-,-,-,94,98,-,94,98,1,-,-,-,-,-,-,-,-,-,-,-,-
Italy,2022,   59 037,72,>99,<1,<1,<1,0.02,-,-,-,-,,-,-,-,-,,93,98,-,93,-,-,-,-,-,-,-,-,-,-,-,-,-,-
Jamaica,2015,    2 794,55,90,5,2,2,-0.09,85,8,3,4,-0.12,95,3,1,<1,-0.11,-,83,47,-,82,13,-,72,-,-,70,23,-,93,54,-,93,6
Jamaica,2022,    2 827,57,91,5,2,2,-0.09,85,8,3,4,-0.12,95,3,1,<1,-0.11,-,84,38,-,84,13,-,72,-,-,73,21,-,93,45,-,92,7
Japan,2015,  127 251,91,99,<1,1,<1,0.03,-,-,-,-,-,-,-,-,-,-,98,98,-,99,98,1,-,-,-,-,-,-,-,-,-,-,-,-
Japan,2022,  123 952,92,>99,<1,<1,<1,0.03,-,-,-,-,,-,-,-,-,,99,99,-,>99,98,<1,-,-,-,-,-,-,-,-,-,-,-,-
Jordan,2015,    9 494,90,99,<1,<1,<1,0.02,97,<1,2,<1,0.01,>99,<1,<1,<1,0.00,75,98,75,98,88,11,-,97,77,-,81,17,-,99,75,-,89,10
Jordan,2022,   11 286,92,99,<1,<1,<1,0.02,97,<1,2,<1,0.01,>99,<1,<1,<1,0.00,86,98,86,98,86,13,-,97,87,-,80,18,-,99,86,-,87,13
Kazakhstan,2015,   17 836,57,95,2,3,<1,-,91,2,7,<1,-,98,2,<1,<1,0.06,86,86,-,95,81,16,-,77,-,-,59,33,-,93,-,-,98,2
Kazakhstan,2022,   19 398,58,-,-,-,-,,-,-,-,-,,98,2,<1,<1,0.06,-,-,-,-,-,-,-,-,-,-,-,-,-,94,-,-,-,-
Kenya,2015,   46 851,26,58,8,12,22,0.70,48,10,14,28,0.72,87,4,4,5,-0.06,-,33,51,-,33,33,-,24,44,-,21,37,-,62,70,-,68,23
Kenya,2022,   54 027,29,63,9,9,19,0.70,53,11,12,24,0.72,86,4,4,6,-0.06,-,40,59,-,33,38,-,30,52,-,22,42,-,63,77,-,60,30
Kiribati,2015,      117,52,71,2,26,<1,0.67,56,2,42,<1,0.49,86,3,12,<1,0.50,13,56,47,13,36,38,6,38,47,6,16,42,19,73,46,19,55,33
Kiribati,2022,      131,57,76,4,20,<1,0.67,60,2,38,<1,0.49,88,6,6,<1,0.50,14,53,49,14,41,39,7,33,50,7,15,47,20,68,49,20,61,33
Kuwait,2015,    3 909,100,>99,<1,<1,<1,0.00,-,-,-,-,-,>99,<1,<1,<1,0.00,>99,>99,>99,>99,-,-,-,-,-,-,-,-,>99,>99,>99,>99,-,-
Kuwait,2022,    4 269,100,>99,<1,<1,<1,0.00,-,-,-,-,,>99,<1,<1,<1,0.00,>99,>99,>99,>99,-,-,-,-,-,-,-,-,>99,>99,>99,>99,-,-
Kyrgyzstan,2015,    5 915,36,88,2,2,8,0.48,82,3,3,11,0.61,98,<1,<1,1,0.21,67,68,80,83,84,6,54,54,73,76,77,9,91,93,91,95,97,1
Kyrgyzstan,2022,    6 631,37,91,3,2,4,0.48,86,4,3,7,0.61,>99,<1,<1,<1,0.21,76,79,83,88,94,<1,67,67,77,81,90,<1,92,99,92,99,>99,<1
Lao People's Democratic Republic,2015,    6 787,33,77,3,14,5,1.79,70,4,18,7,1.86,92,<1,6,<1,0.93,16,66,78,16,28,52,11,54,71,11,13,61,26,90,91,26,59,34
Lao People's Democratic Republic,2022,    7 529,38,85,3,10,<1,1.79,78,6,15,<1,1.86,97,<1,3,<1,0.93,18,84,86,18,32,57,12,77,80,12,14,70,27,97,95,27,62,35
Latvia,2015,    1 992,68,99,<1,<1,<1,0.05,98,<1,2,<1,0.14,99,<1,<1,<1,0.01,95,95,-,99,91,8,-,88,-,-,79,19,-,98,-,-,97,3
Latvia,2022,    1 851,69,99,<1,<1,<1,0.05,99,<1,1,<1,0.14,99,<1,<1,<1,0.01,97,97,-,>99,95,4,-,93,-,-,88,11,-,99,-,-,98,1
Lebanon,2015,    6 399,88,91,7,2,<1,0.37,-,-,-,-,-,-,-,-,-,-,47,88,88,47,87,11,-,-,-,-,-,-,-,-,-,-,-,-
Lebanon,2022,    5 490,89,93,7,<1,<1,0.37,-,-,-,-,,-,-,-,-,,48,90,90,48,90,10,-,-,-,-,-,-,-,-,-,-,-,-
Lesotho,2015,    2 119,27,71,11,14,4,0.38,65,13,17,5,0.18,90,5,5,<1,0.55,23,24,55,57,68,14,7,7,50,47,61,17,66,68,66,85,88,6
Lesotho,2022,    2 306,30,74,11,10,5,0.38,66,14,13,7,0.18,93,3,4,<1,0.55,28,30,60,59,72,12,9,9,55,48,64,15,73,78,73,86,91,5
Liberia,2015,    4 612,50,72,7,8,12,0.61,61,5,10,24,0.74,83,9,6,<1,0.28,-,13,50,-,8,72,-,6,41,-,<1,66,-,20,60,-,14,78
Liberia,2022,    5 303,53,76,10,5,10,0.61,65,8,6,21,0.74,85,12,4,<1,0.28,-,18,60,-,5,80,-,6,50,-,<1,74,-,28,68,-,10,86
Libya,2015,    6 192,79,97,<1,3,<1,0.71,-,-,-,-,-,-,-,-,-,-,-,87,93,-,75,22,-,-,-,-,-,-,-,-,-,-,-,-
Libya,2022,    6 812,81,>99,<1,<1,<1,0.71,-,-,-,-,,-,-,-,-,,-,90,96,-,78,22,-,-,-,-,-,-,-,-,-,-,-,-
Liechtenstein,2015,       37,14,>99,<1,<1,<1,0.00,-,-,-,-,-,-,-,-,-,-,>99,>99,-,>99,>99,<1,-,-,-,-,-,-,-,-,-,-,-,-
Liechtenstein,2022,       39,15,>99,<1,<1,<1,0.00,-,-,-,-,,-,-,-,-,,>99,>99,-,>99,>99,<1,-,-,-,-,-,-,-,-,-,-,-,-
Lithuania,2015,    2 964,67,97,<1,3,<1,0.38,91,<1,9,<1,0.84,>99,<1,<1,<1,0.15,92,94,-,92,93,3,-,83,-,-,81,9,99,99,-,>99,99,<1
Lithuania,2022,    2 750,68,98,<1,2,<1,0.38,94,<1,6,<1,0.84,>99,<1,<1,<1,0.15,95,95,-,98,96,2,-,86,-,-,87,7,>99,>99,-,>99,>99,<1
Luxembourg,2015,      569,90,>99,<1,<1,<1,-0.01,>99,<1,<1,<1,-0.06,>99,<1,<1,<1,0.00,>99,>99,-,>99,>99,<1,98,98,-,>99,98,<1,>99,>99,-,>99,>99,<1
Luxembourg,2022,      648,92,>99,<1,<1,<1,-0.01,99,<1,1,<1,-0.06,>99,<1,<1,<1,0.00,>99,>99,-,>99,>99,<1,97,97,-,99,97,1,>99,>99,-,>99,>99,<1
Madagascar,2015,   24 851,35,48,4,29,19,0.75,32,2,38,27,0.54,77,6,12,5,0.38,17,18,41,24,32,19,9,9,27,9,15,20,34,34,67,53,64,19
Madagascar,2022,   29 612,40,53,5,31,11,0.75,36,2,43,18,0.54,80,8,12,<1,0.38,22,25,46,28,36,22,10,14,32,10,16,22,41,41,67,55,66,21
Malawi,2015,   16 939,16,66,19,11,4,0.82,62,21,13,4,0.93,86,9,4,<1,0.01,14,14,63,38,21,64,7,7,62,33,10,73,47,47,68,66,78,17
Malawi,2022,   20 405,18,72,21,5,2,0.82,69,23,6,2,0.93,86,10,4,<1,0.01,18,18,78,42,21,72,10,10,80,37,8,84,52,52,70,67,77,19
Malaysia,2015,   31 069,74,97,<1,3,-,0.01,91,<1,9,-,-0.13,>99,<1,<1,<1,-0.01,94,94,-,97,95,3,-,83,-,-,83,8,-,97,-,-,99,<1
Malaysia,2022,   33 938,78,97,<1,2,-,0.01,90,<1,9,-,-0.13,>99,<1,<1,<1,-0.01,94,94,-,98,96,2,-,82,-,-,83,8,-,97,-,-,>99,<1
Maldives,2015,      436,39,99,<1,1,<1,0.26,99,<1,<1,<1,0.35,99,<1,1,<1,0.06,-,96,74,-,46,53,-,95,67,-,14,85,-,99,86,-,97,2
Maldives,2022,      524,42,>99,<1,<1,<1,0.26,>99,<1,<1,<1,0.35,>99,<1,<1,<1,0.06,-,98,75,-,52,47,-,97,67,-,19,81,-,>99,87,-,>99,<1
Mali,2015,   18 113,40,73,5,20,2,1.54,63,5,29,3,1.61,89,4,6,<1,0.79,-,31,59,-,43,36,-,16,48,-,20,48,-,54,75,-,76,17
Mali,2022,   22 594,45,84,5,11,<1,1.54,74,4,20,1,1.61,95,5,<1,<1,0.79,-,41,65,-,53,36,-,17,54,-,27,51,-,71,78,-,83,17
Malta,2015,      457,94,>99,<1,<1,<1,0.00,>99,<1,<1,<1,0.00,>99,<1,<1,<1,0.00,>99,>99,-,>99,>99,<1,-,>99,-,-,>99,<1,-,>99,>99,-,>99,<1
Malta,2022,      533,95,>99,<1,<1,<1,0.00,>99,<1,<1,<1,0.00,>99,<1,<1,<1,0.00,>99,>99,-,>99,>99,<1,-,>99,-,-,>99,<1,-,>99,>99,-,>99,<1
Marshall Islands,2015,       49,76,87,11,2,<1,-,91,5,4,<1,-0.34,85,13,2,<1,-,-,81,79,-,24,74,-,86,-,-,4,92,-,80,-,-,30,68
Marshall Islands,2022,       42,79,85,11,4,<1,,87,5,8,<1,-0.34,84,13,3,<1,,-,80,81,-,28,69,-,82,-,-,7,85,-,79,-,-,33,64
Martinique,2015,      384,89,>99,<1,<1,<1,0.00,-,-,-,-,-,-,-,-,-,-,>99,>99,-,>99,>99,<1,-,-,-,-,-,-,-,-,-,-,-,-
Martinique,2022,      368,89,>99,<1,<1,<1,0.00,-,-,-,-,,-,-,-,-,,99,>99,-,99,>99,<1,-,-,-,-,-,-,-,-,-,-,-,-
Mauritania,2015,    3 946,51,66,14,19,1,1.64,45,16,37,3,1.36,85,12,3,<1,1.23,-,45,39,-,50,29,-,29,30,-,34,26,-,60,48,-,65,32
Mauritania,2022,    4 736,57,78,9,13,<1,1.64,56,14,30,<1,1.36,95,5,<1,<1,1.23,-,65,43,-,61,25,-,40,34,-,43,27,-,84,49,-,75,24
Mauritius,2015,    1 293,41,>99,<1,<1,<1,0.03,>99,<1,<1,<1,0.05,>99,<1,<1,<1,0.01,-,>99,93,-,>99,<1,-,>99,92,-,>99,<1,-,>99,94,-,>99,<1
Mauritius,2022,    1 299,41,>99,<1,<1,<1,0.03,>99,<1,<1,<1,0.05,>99,<1,<1,<1,0.01,-,>99,97,-,>99,<1,-,>99,98,-,>99,<1,-,>99,95,-,>99,<1
Mayotte,2015,      250,47,97,<1,<1,3,-,-,-,-,-,-,-,-,-,-,-,91,91,-,95,94,2,-,-,-,-,-,-,-,-,-,-,-,-
Mayotte,2022,      326,45,96,<1,4,-,,-,-,-,-,,-,-,-,-,,92,96,-,92,93,4,-,-,-,-,-,-,-,-,-,-,-,-
Mexico,2015,  120 150,79,98,<1,2,<1,0.41,92,<1,5,3,1.02,>99,<1,<1,<1,0.20,42,92,69,42,94,4,-,79,58,-,83,9,-,96,72,-,97,2
Mexico,2022,  127 504,81,>99,<1,<1,<1,0.41,98,<1,2,<1,1.02,>99,<1,<1,<1,0.20,43,96,67,43,98,2,-,88,55,-,92,6,-,98,70,-,>99,<1
Micronesia (Federated States of),2015,      109,22,90,<1,10,-,-,-,-,-,-,-,-,-,-,-,-,-,64,74,-,71,19,-,-,-,-,-,-,-,-,-,-,-,-
Micronesia (Federated States of),2020,      112,23,90,<1,10,-,,-,-,-,-,,-,-,-,-,,-,64,74,-,74,16,-,-,-,-,-,-,-,-,-,-,-,-
Monaco,2015,       37,100,>99,<1,<1,<1,0.00,-,-,-,-,-,>99,<1,<1,<1,0.00,>99,>99,-,>99,>99,<1,-,-,-,-,-,-,>99,>99,-,>99,>99,<1
Monaco,2022,       36,100,>99,<1,<1,<1,0.00,-,-,-,-,,>99,<1,<1,<1,0.00,>99,>99,-,>99,>99,<1,-,-,-,-,-,-,>99,>99,-,>99,>99,<1
Mongolia,2015,    2 965,68,79,7,6,8,0.96,50,10,16,24,1.43,92,5,2,<1,0.28,33,33,79,77,34,52,8,8,59,47,6,54,45,45,88,91,47,51
Mongolia,2022,    3 398,69,84,7,4,5,0.96,60,12,12,16,1.43,94,5,<1,<1,0.28,39,39,84,81,37,54,13,13,70,56,8,64,51,51,90,92,50,49
Montenegro,2015,      634,66,97,2,<1,<1,-,96,2,2,<1,-,98,2,<1,<1,-,85,95,85,92,89,10,-,90,80,-,74,24,87,97,87,>99,97,3
Montenegro,2022,      627,68,99,<1,<1,<1,,98,<1,2,<1,,>99,<1,<1,<1,,85,98,85,94,90,10,-,98,80,-,75,23,87,98,87,>99,96,4
Montserrat,2015,        5,9,98,<1,2,<1,0.00,-,-,-,-,-,-,-,-,-,-,-,98,-,-,98,<1,-,-,-,-,-,-,-,-,-,-,-,-
Montserrat,2022,        4,9,98,<1,2,<1,0.00,-,-,-,-,,-,-,-,-,,-,98,-,-,98,<1,-,-,-,-,-,-,-,-,-,-,-,-
Morocco,2015,   34 680,61,80,4,16,<1,1.01,55,7,36,1,1.50,96,2,2,<1,0.26,68,69,74,75,74,10,36,36,45,52,43,19,89,90,92,89,94,4
Morocco,2022,   37 458,65,87,2,11,<1,1.01,66,6,29,<1,1.50,99,<1,1,<1,0.26,75,83,75,79,79,10,47,54,47,59,53,19,90,99,91,90,94,5
Mozambique,2015,   26 843,34,49,10,29,13,1.84,34,12,37,18,1.88,79,6,12,3,1.19,-,22,37,-,34,25,-,7,26,-,15,30,-,52,59,-,70,15
Mozambique,2022,   32 970,38,63,10,17,10,1.84,48,12,24,15,1.88,87,5,5,2,1.19,-,33,46,-,42,31,-,14,34,-,20,41,-,65,64,-,77,16
Myanmar,2015,   51 484,30,72,7,9,12,1.58,65,8,11,16,1.70,87,4,4,5,1.09,50,52,68,54,27,52,41,41,62,47,14,59,70,77,84,70,55,36
Myanmar,2022,   54 179,32,82,<1,6,11,1.58,77,1,8,14,1.70,94,<1,1,5,1.09,57,64,73,57,34,49,50,52,66,50,18,60,72,88,87,72,67,26
Namibia,2015,    2 283,47,83,7,5,5,0.45,71,12,8,9,0.38,97,2,<1,<1,-0.08,-,59,67,-,80,11,-,44,53,-,64,19,-,76,82,-,97,1
Namibia,2022,    2 567,54,86,7,4,3,0.45,74,12,7,7,0.38,96,3,<1,<1,-0.08,-,63,70,-,84,9,-,50,55,-,68,18,-,75,82,-,97,2
Nauru,2015,       11,100,97,<1,3,<1,-,-,-,-,-,-,97,<1,3,<1,-,-,96,-,-,2,95,-,-,-,-,-,-,-,96,-,-,2,95
Nauru,2019,       12,100,97,<1,3,<1,,-,-,-,-,,97,<1,3,<1,,-,96,-,-,2,95,-,-,-,-,-,-,-,96,-,-,2,95
Nepal,2015,   27 610,19,88,3,7,2,0.53,88,3,7,2,0.63,91,3,6,1,-0.11,25,62,78,25,49,43,24,60,78,24,47,44,33,75,78,33,56,38
Nepal,2022,   30 548,21,91,4,3,1,0.53,92,4,3,1,0.63,90,3,6,<1,-0.11,16,71,79,16,50,45,14,69,79,14,50,46,23,75,78,23,52,41
Netherlands (Kingdom of the),2015,   17 041,90,>99,<1,<1,<1,0.00,>99,<1,<1,<1,0.00,>99,<1,<1,<1,0.00,>99,>99,-,>99,>99,<1,-,>99,-,-,>99,<1,-,>99,-,-,>99,<1
Netherlands (Kingdom of the),2022,   17 564,93,>99,<1,<1,<1,0.00,>99,<1,<1,<1,0.00,>99,<1,<1,<1,0.00,>99,>99,-,>99,>99,<1,-,>99,-,-,>99,<1,-,>99,-,-,>99,<1
New Caledonia,2015,      283,69,98,<1,2,<1,0.20,-,-,-,-,-,-,-,-,-,-,96,96,-,96,96,2,-,-,-,-,-,-,-,-,-,-,-,-
New Caledonia,2022,      290,72,>99,<1,<1,<1,0.20,-,-,-,-,,-,-,-,-,,97,>99,-,97,>99,<1,-,-,-,-,-,-,-,-,-,-,-,-
New Zealand,2015,    4 591,86,>99,<1,<1,<1,0.00,>99,<1,<1,<1,0.00,>99,<1,<1,<1,0.00,94,>99,-,94,>99,<1,-,>99,-,-,>99,<1,-,>99,>99,-,>99,<1
New Zealand,2022,    5 185,87,>99,<1,<1,<1,0.00,>99,<1,<1,<1,0.00,>99,<1,<1,<1,0.00,>99,>99,-,>99,>99,<1,-,>99,-,-,>99,<1,-,>99,>99,-,>99,<1
Nicaragua,2015,    6 299,58,81,1,14,3,-,60,3,30,8,-,97,<1,2,<1,-,55,78,55,73,69,14,39,51,39,42,33,30,67,97,67,95,95,2
Nicaragua,2020,    6 756,59,82,2,14,3,,59,4,30,8,,97,<1,2,<1,,56,79,56,78,70,13,39,54,39,52,33,30,67,97,67,96,95,2
Niger,2015,   20 128,16,46,14,37,3,0.52,37,16,44,3,0.63,89,8,3,<1,-0.14,-,15,32,-,34,26,-,6,26,-,23,30,-,59,65,-,89,7
Niger,2022,   26 208,17,49,20,29,3,0.52,41,22,34,3,0.63,88,9,2,<1,-0.14,-,17,30,-,41,27,-,7,28,-,31,32,-,67,42,-,93,4
Nigeria,2015,  183 996,48,68,7,15,10,1.60,53,7,24,17,1.45,85,7,6,3,1.15,25,27,63,27,14,60,17,17,44,20,8,51,34,37,83,34,21,70
Nigeria,2022,  218 541,54,80,4,11,5,1.60,63,6,21,9,1.45,94,3,3,<1,1.15,29,35,64,30,12,72,21,21,54,24,9,61,36,48,72,36,15,81
Niue,2015,        2,43,98,<1,2,<1,-0.10,-,-,-,-,-,-,-,-,-,-,95,95,98,97,95,3,-,-,-,-,-,-,-,-,-,-,-,-
Niue,2022,        2,48,97,<1,3,<1,-0.10,-,-,-,-,,-,-,-,-,,94,94,97,96,97,<1,-,-,-,-,-,-,-,-,-,-,-,-
North Macedonia,2015,    2 108,57,98,2,<1,<1,0.04,98,1,1,<1,-0.03,97,2,<1,<1,0.09,80,96,80,90,92,7,75,94,75,77,83,16,85,97,85,99,98,1
North Macedonia,2022,    2 094,59,98,2,<1,<1,0.04,97,2,<1,<1,-0.03,98,2,<1,<1,0.09,80,96,81,89,92,7,74,93,75,74,82,17,85,98,85,98,99,<1
Northern Mariana Islands,2015,       52,91,>99,<1,<1,<1,0.14,-,-,-,-,-,-,-,-,-,-,89,95,89,96,91,9,-,-,-,-,-,-,-,-,-,-,-,-
Northern Mariana Islands,2022,       50,92,>99,<1,<1,<1,0.14,-,-,-,-,,-,-,-,-,,91,94,91,95,90,10,-,-,-,-,-,-,-,-,-,-,-,-
Norway,2015,    5 190,81,>99,<1,<1,<1,0.00,>99,<1,<1,<1,0.00,>99,<1,<1,<1,0.00,>99,>99,-,>99,>99,<1,-,>99,-,-,>99,<1,-,>99,-,-,>99,<1
Norway,2022,    5 434,84,>99,<1,<1,<1,0.00,>99,<1,<1,<1,0.00,>99,<1,<1,<1,0.00,99,>99,-,99,>99,<1,-,>99,-,-,>99,<1,-,>99,-,-,>99,<1
Oman,2015,    4 192,81,90,8,1,<1,0.31,74,21,4,<1,0.27,94,5,<1,<1,0.13,89,89,-,96,90,9,-,72,-,-,78,18,-,92,>99,-,93,7
Oman,2022,    4 576,88,92,7,<1,<1,0.31,76,22,2,<1,0.27,95,5,<1,<1,0.13,91,91,-,>99,96,4,-,73,-,-,84,13,-,93,>99,-,97,3
Pakistan,2015,  210 969,36,90,4,4,2,0.15,87,4,5,4,0.29,94,3,2,<1,-0.17,43,76,81,43,29,64,38,74,80,38,18,73,53,78,83,53,49,48
Pakistan,2022,  235 825,38,91,4,4,1,0.15,89,4,5,2,0.29,93,5,2,<1,-0.17,51,69,82,51,25,70,47,70,82,47,17,77,57,66,83,57,39,58
Palau,2015,       18,78,>99,<1,<1,<1,0.01,>99,<1,<1,<1,0.03,>99,<1,<1,<1,0.00,82,82,>99,97,69,31,57,57,-,88,27,72,89,89,>99,>99,80,19
Palau,2022,       18,82,>99,<1,<1,<1,0.01,>99,<1,<1,<1,0.03,>99,<1,<1,<1,0.00,90,90,>99,98,86,14,57,57,-,88,29,70,98,98,>99,>99,98,1
Panama,2015,    3 957,67,93,2,3,2,0.23,83,2,8,6,0.40,98,2,<1,<1,0.07,-,92,83,-,92,3,-,80,71,-,79,6,-,97,89,-,98,1
Panama,2022,    4 409,69,95,2,2,1,0.23,86,3,7,4,0.40,98,2,<1,<1,0.07,-,93,85,-,93,3,-,83,72,-,81,8,-,98,90,-,99,1
Papua New Guinea,2015,    8 682,13,43,2,23,32,0.84,37,2,25,36,0.93,85,2,8,5,0.17,-,27,26,-,18,27,-,21,23,-,11,27,-,65,46,-,61,26
Papua New Guinea,2022,   10 143,14,50,2,26,21,0.84,44,3,29,23,0.93,87,<1,6,7,0.17,-,36,30,-,16,37,-,28,28,-,10,37,-,87,46,-,53,34
Paraguay,2015,    6 178,61,96,<1,3,<1,1.06,92,<1,7,<1,2.03,99,<1,1,<1,0.27,62,92,83,62,88,8,47,85,77,47,79,14,71,97,86,71,94,5
Paraguay,2022,    6 781,63,>99,<1,<1,<1,1.06,>99,<1,<1,<1,2.03,>99,<1,<1,<1,0.27,64,98,83,64,>99,<1,51,96,83,51,>99,<1,72,>99,83,72,>99,<1
Peru,2015,   30 712,77,91,<1,6,3,0.67,74,1,13,12,1.57,95,<1,3,<1,0.29,50,83,65,50,85,6,20,64,55,20,64,11,59,89,68,59,92,4
Peru,2022,   34 050,79,95,<1,3,1,0.67,85,<1,8,6,1.57,97,<1,2,<1,0.29,52,88,61,52,92,3,23,79,56,23,80,6,60,90,62,60,95,3
Philippines,2015,  103 031,46,92,3,5,<1,0.40,88,4,7,<1,0.57,96,2,2,<1,0.20,46,68,85,46,59,36,33,56,82,33,45,47,61,81,88,61,75,23
Philippines,2022,  115 559,48,95,3,2,<1,0.40,92,4,4,<1,0.57,98,2,<1,<1,0.20,48,83,87,48,66,31,35,74,86,35,53,43,62,92,89,62,81,18
Poland,2015,   38 553,60,95,<1,5,<1,-,90,<1,10,<1,-,98,<1,2,<1,-0.18,92,92,-,95,90,4,-,85,-,-,81,9,-,96,-,-,96,1
Poland,2022,   39 857,60,90,<1,10,<1,,82,<1,18,<1,,96,<1,4,<1,-0.18,89,89,-,90,90,<1,-,80,-,-,82,<1,-,95,-,-,96,<1
Portugal,2015,   10 365,64,>99,<1,<1,<1,0.00,98,<1,2,<1,-0.07,>99,<1,<1,<1,0.04,95,97,95,98,99,<1,90,95,90,96,97,1,97,99,97,99,>99,<1
Portugal,2022,   10 271,67,>99,<1,<1,<1,0.00,98,<1,2,<1,-0.07,>99,<1,<1,<1,0.04,95,97,95,98,98,<1,91,93,91,96,96,2,97,>99,97,>99,>99,<1
Puerto Rico,2015,    3 497,94,>99,<1,<1,<1,0.13,-,-,-,-,-,-,-,-,-,-,96,99,96,>99,99,<1,-,-,-,-,-,-,-,-,-,-,-,-
Puerto Rico,2022,    3 252,94,>99,<1,<1,<1,0.13,-,-,-,-,,-,-,-,-,,>99,>99,>99,>99,>99,<1,-,-,-,-,-,-,-,-,-,-,-,-
Qatar,2015,    2 415,99,>99,<1,<1,<1,0.00,-,-,-,-,-,-,-,-,-,-,97,99,>99,97,98,2,-,-,-,-,-,-,-,-,-,-,-,-
Qatar,2022,    2 695,99,>99,<1,<1,<1,0.00,-,-,-,-,,-,-,-,-,,97,>99,>99,97,>99,<1,-,-,-,-,-,-,-,-,-,-,-,-
Republic of Korea,2015,   50 994,82,>99,<1,<1,<1,-,-,-,-,-,-,-,-,-,-,-,99,99,>99,99,98,2,-,-,-,-,-,-,-,-,-,-,-,-
Republic of Korea,2022,   51 816,81,>99,<1,<1,<1,,-,-,-,-,,-,-,-,-,,>99,>99,>99,>99,>99,<1,-,-,-,-,-,-,-,-,-,-,-,-
Republic of Moldova,2015,    3 277,42,89,1,10,<1,0.41,83,1,15,<1,0.66,97,2,2,<1,0.12,73,73,87,77,63,27,-,62,82,-,43,42,-,88,93,-,90,8
Republic of Moldova,2022,    3 273,43,92,2,6,<1,0.41,88,2,11,<1,0.66,98,2,<1,<1,0.12,75,75,90,78,77,17,-,65,87,-,63,26,-,89,94,-,94,5
Réunion,2015,      922,99,>99,<1,<1,<1,0.01,-,-,-,-,-,-,-,-,-,-,97,>99,-,97,>99,<1,-,-,-,-,-,-,-,-,-,-,-,-
Réunion,2022,      974,100,>99,<1,<1,<1,0.01,-,-,-,-,,-,-,-,-,,96,>99,-,96,>99,<1,-,-,-,-,-,-,-,-,-,-,-,-
Romania,2015,   19 906,54,>99,<1,<1,<1,0.00,>99,<1,<1,<1,0.00,>99,<1,<1,<1,0.00,82,82,-,98,64,36,67,67,-,95,35,65,95,95,-,>99,90,10
Romania,2022,   19 659,54,>99,<1,<1,<1,0.00,>99,<1,<1,<1,0.00,>99,<1,<1,<1,0.00,82,82,-,98,-,-,67,67,-,95,-,-,95,95,-,>99,-,-
Russian Federation,2015,  144 668,74,96,<1,3,-,0.08,90,2,9,-,0.23,99,<1,<1,<1,0.01,76,76,-,94,90,7,-,55,-,-,74,17,-,83,-,-,96,4
Russian Federation,2022,  144 713,75,97,<1,2,-,0.08,92,2,7,-,0.23,99,<1,<1,<1,0.01,76,76,-,94,94,3,-,56,-,-,85,8,-,83,-,-,97,2
Rwanda,2015,   11 643,17,58,20,12,9,0.94,54,22,13,11,0.91,82,9,5,4,0.83,-,11,68,-,42,37,-,5,63,-,35,41,45,45,92,87,77,15
Rwanda,2022,   13 777,18,65,19,10,5,0.94,60,22,12,6,0.91,88,7,3,2,0.83,-,15,73,-,45,39,-,7,68,-,38,44,55,55,95,90,82,13
Saint Barthelemy,2015,       10,-,>99,<1,<1,<1,0.03,-,-,-,-,-,>99,<1,<1,<1,0.03,>99,>99,-,>99,>99,<1,-,-,-,-,-,-,>99,>99,-,>99,>99,<1
Saint Barthelemy,2022,       11,-,>99,<1,<1,<1,0.03,-,-,-,-,,>99,<1,<1,<1,0.03,>99,>99,-,>99,>99,<1,-,-,-,-,-,-,>99,>99,-,>99,>99,<1
Saint Helena,2015,        5,40,99,<1,1,<1,-,-,-,-,-,-,-,-,-,-,-,89,98,-,89,98,1,-,-,-,-,-,-,-,-,-,-,-,-
Saint Helena,2022,        5,40,>99,<1,<1,<1,,-,-,-,-,,-,-,-,-,,89,99,-,89,98,<1,-,-,-,-,-,-,-,-,-,-,-,-
Saint Kitts and Nevis,2015,       48,31,99,<1,1,<1,-,-,-,-,-,-,-,-,-,-,-,-,98,87,-,98,<1,-,-,-,-,-,-,-,-,-,-,-,-
Saint Kitts and Nevis,2017,       48,31,99,<1,1,<1,,-,-,-,-,,-,-,-,-,,-,98,87,-,98,<1,-,-,-,-,-,-,-,-,-,-,-,-
Saint Lucia,2015,      176,19,96,2,3,<1,0.30,95,2,3,<1,0.36,97,2,1,<1,0.12,-,93,72,-,95,2,-,93,70,-,95,2,-,93,79,-,98,<1
Saint Lucia,2022,      180,19,97,2,1,<1,0.30,97,2,1,<1,0.36,97,2,<1,<1,0.12,-,94,73,-,97,2,-,94,71,-,96,2,-,94,79,-,98,<1
Saint Martin (French part),2015,       35,-,>99,<1,<1,<1,0.00,-,-,-,-,-,>99,<1,<1,<1,0.00,97,>99,-,97,>99,<1,-,-,-,-,-,-,97,>99,-,97,>99,<1
Saint Martin (French part),2022,       32,-,>99,<1,<1,<1,0.00,-,-,-,-,,>99,<1,<1,<1,0.00,97,>99,-,97,>99,<1,-,-,-,-,-,-,97,>99,-,97,>99,<1
Saint Pierre and Miquelon,2015,        6,90,91,<1,9,<1,-,-,-,-,-,-,-,-,-,-,-,83,83,91,91,91,<1,-,-,-,-,-,-,-,-,-,-,-,-
Saint Pierre and Miquelon,2020,        6,90,91,<1,9,<1,,-,-,-,-,,-,-,-,-,,83,83,91,91,91,<1,-,-,-,-,-,-,-,-,-,-,-,-
Saint Vincent and the Grenadines,2015,      106,51,98,<1,2,<1,-,97,<1,2,<1,-,98,<1,1,<1,-,-,96,72,-,94,4,-,93,70,-,89,8,-,98,74,-,98,<1
Saint Vincent and the Grenadines,2018,      105,52,98,<1,2,-,,97,<1,3,-,,98,<1,1,<1,,-,96,72,-,94,4,-,93,70,-,89,8,-,98,74,-,98,<1
Samoa,2015,      204,19,92,6,2,<1,0.54,92,5,2,<1,0.48,92,7,2,<1,0.78,62,91,75,62,87,11,55,91,72,55,86,12,89,91,89,90,92,6
Samoa,2022,      222,18,>99,<1,<1,<1,0.54,99,<1,<1,<1,0.48,>99,<1,<1,<1,0.78,62,97,76,63,88,11,56,97,73,56,87,12,90,>99,90,92,94,6
San Marino,2015,       34,97,>99,<1,<1,<1,0.00,-,-,-,-,-,-,-,-,-,-,>99,>99,>99,>99,>99,<1,-,-,-,-,-,-,-,-,-,-,-,-
San Marino,2022,       34,98,>99,<1,<1,<1,0.00,-,-,-,-,,-,-,-,-,,>99,>99,>99,>99,>99,<1,-,-,-,-,-,-,-,-,-,-,-,-
Sao Tome and Principe,2015,      201,70,76,18,2,4,0.39,69,16,5,10,0.40,79,19,1,<1,0.22,34,34,72,76,91,3,22,22,63,53,80,5,38,38,76,86,96,2
Sao Tome and Principe,2022,      227,76,77,20,<1,2,0.39,71,19,2,8,0.40,79,21,<1,<1,0.22,36,36,75,80,97,<1,24,24,67,56,87,4,40,40,78,88,>99,<1
Saudi Arabia,2015,   32 750,83,99,<1,<1,<1,-,>99,<1,<1,<1,0.00,98,<1,<1,<1,-,-,98,86,-,89,10,-,-,-,-,84,16,-,-,-,-,91,9
Saudi Arabia,2022,   36 409,85,99,<1,<1,<1,,>99,<1,<1,<1,0.00,98,<1,<1,<1,,-,98,86,-,89,10,-,-,-,-,84,16,-,-,-,-,91,9
Senegal,2015,   14 356,46,78,4,18,<1,1.20,65,6,28,<1,1.66,93,1,5,<1,0.35,25,62,49,25,70,12,11,43,42,11,56,15,41,84,57,41,87,8
Senegal,2022,   17 316,49,86,3,11,<1,1.20,77,5,18,<1,1.66,96,<1,3,<1,0.35,27,76,55,27,77,12,13,64,55,13,67,15,41,89,54,41,88,9
Serbia,2015,    7 519,56,93,6,<1,<1,0.29,95,5,<1,<1,0.18,92,7,<1,<1,0.39,75,91,92,75,91,8,67,91,90,67,83,16,82,91,93,82,98,2
Serbia,2022,    7 221,57,96,4,<1,<1,0.29,96,3,<1,<1,0.18,95,4,<1,<1,0.39,75,94,92,75,95,5,67,92,90,67,91,8,82,95,93,82,98,2
Seychelles,2015,       99,55,96,<1,<1,4,0.11,-,-,-,-,-,-,-,-,-,-,-,94,-,-,92,4,-,-,-,-,-,-,-,-,-,-,-,-
Seychelles,2022,      107,58,96,<1,4,-,0.11,-,-,-,-,,-,-,-,-,,-,95,-,-,94,3,-,-,-,-,-,-,-,-,-,-,-,-
Sierra Leone,2015,    7 315,41,57,7,17,19,1.10,45,5,22,29,1.25,76,11,9,4,0.57,8,14,41,9,23,42,6,6,30,8,12,37,12,25,57,12,38,49
Sierra Leone,2022,    8 606,44,65,7,17,11,1.10,54,5,24,17,1.25,80,11,8,2,0.57,10,15,58,11,21,52,9,9,51,9,13,46,12,22,66,12,31,60
Singapore,2015,    5 650,100,>99,<1,<1,<1,0.00,-,-,-,-,-,>99,<1,<1,<1,0.00,>99,>99,-,>99,>99,<1,-,-,-,-,-,-,>99,>99,-,>99,>99,<1
Singapore,2022,    5 976,100,>99,<1,<1,<1,0.00,-,-,-,-,,>99,<1,<1,<1,0.00,>99,>99,-,>99,>99,<1,-,-,-,-,-,-,>99,>99,-,>99,>99,<1
Sint Maarten (Dutch part),2015,       40,100,95,<1,5,<1,-,-,-,-,-,-,95,<1,5,<1,-,-,93,-,-,91,5,-,-,-,-,-,-,-,93,-,-,91,5
Sint Maarten (Dutch part),2017,       42,100,95,<1,5,<1,,-,-,-,-,,95,<1,5,<1,,-,93,-,-,91,5,-,-,-,-,-,-,-,93,-,-,91,5
Slovakia,2015,    5 424,54,>99,<1,<1,<1,0.08,>99,<1,<1,<1,0.15,>99,<1,<1,<1,0.03,99,>99,-,99,98,2,-,>99,-,-,>99,<1,-,>99,-,-,97,3
Slovakia,2022,    5 643,54,>99,<1,<1,<1,0.08,>99,<1,<1,<1,0.15,>99,<1,<1,<1,0.03,>99,>99,-,>99,-,-,-,>99,-,-,>99,<1,-,>99,-,-,-,-
Slovenia,2015,    2 081,54,>99,<1,<1,<1,0.00,-,-,-,-,-,-,-,-,-,-,95,98,-,95,-,-,-,-,-,-,-,-,-,-,-,-,-,-
Slovenia,2022,    2 120,56,>99,<1,<1,<1,0.00,-,-,-,-,,-,-,-,-,,98,98,-,>99,-,-,-,-,-,-,-,-,-,-,-,-,-,-
Solomon Islands,2015,      613,22,69,6,19,6,-,63,6,23,7,-0.78,91,4,4,1,-,-,53,38,-,48,27,-,44,56,-,42,28,-,83,-,-,71,24
Solomon Islands,2022,      724,26,-,-,-,-,,59,7,34,-,-0.78,-,-,-,-,,-,-,-,-,-,-,-,41,53,-,38,28,-,-,-,-,-,-
Somalia,2015,   13 764,43,49,23,20,8,1.57,29,29,29,13,1.50,74,16,9,<1,0.92,-,28,51,-,37,35,-,6,33,-,17,41,-,58,75,-,63,27
Somalia,2022,   17 598,47,58,28,12,1,1.57,39,38,20,3,1.50,80,17,2,<1,0.92,-,38,62,-,49,37,-,9,44,-,23,54,-,69,81,-,79,19
South Africa,2015,   55 877,65,92,3,2,3,0.45,79,7,5,9,0.82,99,<1,<1,<1,0.03,-,75,74,-,88,6,-,44,54,-,70,15,84,91,84,98,98,1
South Africa,2022,   59 894,68,94,3,1,2,0.45,85,7,3,5,0.82,>99,<1,<1,<1,0.03,-,79,71,-,90,7,-,54,52,-,74,18,80,91,80,>99,98,2
South Sudan,2015,   11 194,19,41,31,14,15,-,37,33,14,16,-,61,22,10,7,-,-,2,-,-,6,66,-,2,-,-,5,65,-,5,-,-,11,72
South Sudan,2022,   10 913,21,41,37,14,8,,34,42,14,10,,70,19,11,<1,,-,3,-,-,4,74,-,3,-,-,3,73,-,4,-,-,10,78
Spain,2015,   46 431,80,>99,<1,<1,<1,0.00,>99,<1,<1,<1,0.00,>99,<1,<1,<1,0.00,>99,>99,-,>99,>99,<1,99,>99,-,99,>99,<1,>99,>99,-,>99,>99,<1
Spain,2022,   47 559,81,>99,<1,<1,<1,0.00,>99,<1,<1,<1,0.00,>99,<1,<1,<1,0.00,>99,>99,-,>99,>99,<1,99,>99,-,99,>99,<1,>99,>99,-,>99,>99,<1
Sri Lanka,2015,   21 337,18,87,2,8,3,0.29,85,2,10,3,0.32,97,<1,2,<1,0.17,47,72,81,49,43,46,38,68,79,38,35,52,90,90,94,98,77,21
Sri Lanka,2022,   21 832,19,89,2,7,2,0.29,87,2,8,3,0.32,98,<1,1,<1,0.17,47,79,82,47,52,39,39,76,80,39,46,44,83,93,93,83,81,18
State of Palestine,2015,    4 485,75,96,<1,3,<1,0.35,95,<1,3,<1,0.59,97,<1,3,<1,0.27,78,89,86,78,62,34,74,92,84,74,83,13,80,88,87,80,56,41
State of Palestine,2022,    5 250,77,98,1,<1,<1,0.35,>99,<1,<1,<1,0.59,98,2,<1,<1,0.27,80,94,89,80,51,49,76,>99,87,76,89,11,81,92,89,81,40,60
Sudan,2015,   38 171,34,57,25,12,6,0.92,51,26,16,8,1.07,70,24,5,1,0.53,-,36,46,-,46,36,-,24,42,-,35,42,-,61,54,-,69,24
Sudan,2022,   46 874,36,65,29,4,2,0.92,60,31,6,3,1.07,74,25,<1,<1,0.53,-,41,55,-,59,34,-,28,50,-,47,44,-,64,64,-,82,17
Suriname,2015,      575,66,96,<1,1,2,0.41,91,1,1,7,1.10,98,<1,<1,<1,0.06,55,93,81,55,78,19,38,86,76,38,59,33,63,97,83,63,88,11
Suriname,2022,      618,66,98,1,<1,<1,0.41,97,2,<1,2,1.10,99,<1,<1,<1,0.06,56,96,83,56,80,19,41,93,82,41,64,34,63,98,83,63,89,11
Sweden,2015,    9 849,87,>99,<1,<1,<1,0.01,>99,<1,<1,<1,0.05,>99,<1,<1,<1,0.00,>99,>99,-,>99,87,12,-,>99,-,-,76,23,-,>99,-,-,89,11
Sweden,2022,   10 549,88,>99,<1,<1,<1,0.01,>99,<1,<1,<1,0.05,>99,<1,<1,<1,0.00,>99,>99,-,>99,88,12,-,>99,-,-,77,22,-,>99,-,-,89,10
Switzerland,2015,    8 282,74,>99,<1,<1,<1,0.00,>99,<1,<1,<1,0.00,>99,<1,<1,<1,0.00,97,>99,-,97,>99,<1,-,>99,-,-,>99,<1,-,>99,-,-,>99,<1
Switzerland,2022,    8 740,74,>99,<1,<1,<1,0.00,>99,<1,<1,<1,0.00,>99,<1,<1,<1,0.00,97,>99,-,97,>99,<1,-,>99,-,-,>99,<1,-,>99,-,-,>99,<1
Syrian Arab Republic,2015,   19 205,52,93,6,<1,<1,0.11,91,8,1,<1,0.22,96,4,<1,<1,0.00,-,84,92,-,80,19,-,76,90,-,71,28,-,92,94,-,88,12
Syrian Arab Republic,2022,   22 125,57,94,6,<1,<1,0.11,92,8,<1,<1,0.22,96,4,<1,<1,0.00,-,86,93,-,79,21,-,77,91,-,71,29,-,92,94,-,86,14
Tajikistan,2015,    8 524,27,76,3,4,17,1.16,70,4,5,22,1.48,95,1,1,3,0.22,52,54,52,69,61,18,-,42,48,-,51,22,-,88,62,-,90,6
Tajikistan,2022,    9 953,28,82,3,3,12,1.16,77,3,4,16,1.48,96,<1,2,2,0.22,55,60,55,74,65,19,-,49,52,-,56,24,-,90,64,-,90,7
Thailand,2015,   70 294,48,99,<1,<1,<1,0.27,98,<1,<1,<1,0.35,>99,<1,<1,<1,0.09,-,98,99,-,71,28,-,97,98,-,57,41,-,>99,>99,-,86,14
Thailand,2022,   71 697,53,>99,<1,<1,<1,0.27,>99,<1,<1,<1,0.35,>99,<1,<1,<1,0.09,-,>99,>99,-,86,14,-,>99,>99,-,79,21,-,>99,>99,-,93,7
Timor-Leste,2015,    1 206,29,74,3,18,5,-,68,4,22,6,-,90,2,7,<1,-,-,60,-,-,58,19,-,50,-,-,53,18,-,83,52,-,71,22
Timor-Leste,2022,    1 341,32,87,2,8,3,,82,2,12,5,,98,2,<1,<1,,-,75,-,-,72,17,-,66,-,-,66,18,-,94,56,-,84,16
Togo,2015,    7 473,40,63,6,18,13,1.16,49,7,22,22,1.41,85,3,11,<1,0.22,17,17,39,31,31,38,7,7,30,17,18,38,31,31,51,52,52,37
Togo,2022,    8 849,44,71,6,13,10,1.16,58,9,15,17,1.41,87,3,10,<1,0.22,19,19,71,35,30,47,8,8,67,21,21,47,34,34,75,53,43,47
Tokelau,2015,        1,0,>99,<1,<1,<1,0.05,>99,<1,<1,<1,0.05,-,-,-,-,-,-,92,-,-,95,4,-,92,-,-,95,4,-,-,-,-,-,-
Tokelau,2022,        2,0,>99,<1,<1,<1,0.05,>99,<1,<1,<1,0.05,-,-,-,-,,-,97,-,-,95,4,-,97,-,-,95,4,-,-,-,-,-,-
Tonga,2015,      106,23,99,<1,<1,<1,0.03,98,1,<1,<1,0.02,99,<1,<1,<1,0.07,29,98,91,29,98,1,23,98,90,23,98,1,50,99,94,50,98,2
Tonga,2022,      107,23,99,<1,<1,<1,0.03,99,1,<1,<1,0.02,>99,<1,<1,<1,0.07,30,98,91,30,99,1,23,98,90,23,98,1,51,>99,94,51,>99,<1
Trinidad and Tobago,2015,    1 460,53,98,1,<1,<1,0.30,-,-,-,-,-,-,-,-,-,-,-,98,81,-,91,8,-,-,-,-,-,-,-,-,-,-,-,-
Trinidad and Tobago,2022,    1 531,53,99,1,<1,<1,0.30,-,-,-,-,,-,-,-,-,,-,99,82,-,93,7,-,-,-,-,-,-,-,-,-,-,-,-
Tunisia,2015,   11 558,68,94,3,3,<1,0.37,84,8,8,<1,0.95,99,<1,<1,<1,0.01,76,90,77,78,89,8,61,78,61,65,73,19,84,96,85,84,97,2
Tunisia,2022,   12 356,70,97,2,1,<1,0.37,93,3,3,<1,0.95,99,<1,<1,<1,0.01,74,89,74,79,93,6,67,78,67,68,80,17,77,94,77,84,99,<1
Türkiye,2015,   79 646,74,96,2,2,<1,0.16,94,3,3,<1,0.31,97,2,1,<1,0.06,-,92,-,-,95,3,-,88,-,-,86,10,-,94,-,-,98,<1
Türkiye,2022,   85 341,77,97,2,<1,<1,0.16,96,3,<1,<1,0.31,97,2,<1,<1,0.06,-,93,-,-,95,4,-,89,-,-,86,13,-,94,-,-,98,<1
Turkmenistan,2015,    5 766,50,98,<1,<1,1,0.58,96,1,<1,2,0.94,>99,<1,<1,<1,0.16,91,93,98,91,55,44,85,90,97,85,25,72,96,96,>99,97,85,15
Turkmenistan,2022,    6 431,53,>99,<1,<1,<1,0.58,>99,<1,<1,<1,0.94,>99,<1,<1,<1,0.16,95,>99,>99,95,55,45,92,>99,>99,92,22,78,97,>99,>99,97,84,16
Turks and Caicos Islands,2015,       37,92,-,-,-,-,-,-,-,-,-,-,>99,<1,<1,<1,0.00,-,-,-,-,-,-,-,-,-,-,-,-,47,47,98,88,-,-
Turks and Caicos Islands,2022,       46,94,99,<1,<1,<1,,92,5,3,<1,,>99,<1,<1,<1,0.00,47,47,98,87,45,55,56,56,94,65,40,57,47,47,98,88,45,55
Tuvalu,2015,       11,60,>99,<1,<1,<1,0.02,>99,<1,<1,<1,0.03,99,<1,<1,<1,0.02,8,91,76,8,98,1,5,98,85,5,98,1,10,86,69,10,98,2
Tuvalu,2022,       11,66,>99,<1,<1,<1,0.02,>99,<1,<1,<1,0.03,>99,<1,<1,<1,0.02,9,91,75,9,>99,<1,5,98,86,5,>99,<1,10,86,69,10,>99,<1
Uganda,2015,   37 477,22,48,29,15,7,1.49,40,33,18,9,1.50,77,16,6,1,0.48,12,12,62,47,20,57,6,6,58,34,10,63,36,36,76,91,55,37
Uganda,2022,   47 250,26,59,25,11,5,1.49,52,29,13,6,1.50,80,13,6,<1,0.48,19,19,72,66,23,61,9,9,70,56,13,68,45,45,78,93,52,41
Ukraine,2015,   44 983,69,93,6,<1,<1,-0.21,99,<1,1,<1,0.23,91,8,<1,<1,-0.40,89,92,-,94,68,31,90,99,-,90,35,64,88,88,-,95,83,17
Ukraine,2022,   39 702,70,94,6,<1,<1,-0.21,>99,<1,<1,<1,0.23,91,8,<1,<1,-0.40,88,92,-,91,63,37,86,>99,-,86,31,69,88,88,-,93,76,23
United Arab Emirates,2015,    8 917,86,>99,<1,<1,<1,0.02,>99,<1,<1,<1,0.00,>99,<1,<1,<1,0.02,-,99,>99,-,>99,<1,-,98,-,-,>99,<1,-,99,-,-,>99,<1
United Arab Emirates,2022,    9 441,88,>99,<1,<1,<1,0.02,>99,<1,<1,<1,0.00,>99,<1,<1,<1,0.02,-,99,>99,-,>99,<1,-,98,-,-,>99,<1,-,99,-,-,>99,<1
United Kingdom,2015,   65 224,83,>99,<1,<1,<1,0.00,>99,<1,<1,<1,0.00,>99,<1,<1,<1,0.00,>99,>99,-,>99,>99,<1,-,>99,-,-,>99,<1,-,>99,-,-,>99,<1
United Kingdom,2022,   67 509,84,>99,<1,<1,<1,0.00,>99,<1,<1,<1,0.00,>99,<1,<1,<1,0.00,>99,>99,-,>99,>99,<1,-,>99,-,-,>99,<1,-,>99,-,-,>99,<1
United Republic of Tanzania,2015,   52 543,32,51,13,22,14,1.46,38,14,29,19,1.45,78,12,8,3,0.56,9,23,39,9,39,26,3,13,29,3,26,26,24,44,63,24,65,25
United Republic of Tanzania,2022,   65 498,37,61,16,11,12,1.46,49,16,17,18,1.45,81,16,<1,2,0.56,11,42,48,11,41,36,3,27,35,3,28,37,25,67,69,25,63,33
United States Virgin Islands,2015,      103,95,99,<1,1,<1,-,-,-,-,-,-,-,-,-,-,-,98,98,-,99,47,52,-,-,-,-,-,-,-,-,-,-,-,-
United States Virgin Islands,2020,      100,96,99,<1,1,<1,,-,-,-,-,,-,-,-,-,,98,98,-,99,47,52,-,-,-,-,-,-,-,-,-,-,-,-
United States of America,2015,  324 608,82,>99,<1,<1,<1,-,98,<1,2,<1,-,>99,<1,<1,<1,0.01,96,>99,96,>99,99,<1,-,97,94,-,95,3,97,>99,97,>99,>99,<1
United States of America,2022,  338 290,83,>99,<1,<1,<1,,>99,<1,<1,<1,,>99,<1,<1,<1,0.01,97,>99,97,>99,-,-,-,>99,97,-,-,-,98,>99,98,>99,>99,<1
Uruguay,2015,    3 403,95,>99,<1,<1,<1,0.11,91,5,4,<1,0.93,>99,<1,<1,<1,0.04,-,98,>99,-,>99,<1,-,91,-,-,91,5,94,99,>99,94,>99,<1
Uruguay,2022,    3 423,96,>99,<1,<1,<1,0.11,95,5,<1,<1,0.93,>99,<1,<1,<1,0.04,-,99,>99,-,>99,<1,-,95,-,-,>99,<1,95,99,>99,95,>99,<1
Uzbekistan,2015,   30 949,51,94,3,<1,2,0.42,90,5,<1,4,0.71,97,1,<1,<1,0.07,72,72,85,90,73,24,57,57,83,88,58,37,88,88,88,93,88,11
Uzbekistan,2022,   34 628,50,97,2,<1,1,0.42,95,2,<1,3,0.71,98,2,<1,<1,0.07,80,80,87,91,73,25,71,71,85,89,60,37,89,89,89,93,85,14
Vanuatu,2015,      276,25,88,<1,5,6,0.36,85,<1,6,8,0.40,98,<1,1,<1,0.12,-,64,-,-,49,40,-,59,-,-,39,47,56,81,-,56,79,20
Vanuatu,2022,      327,26,91,<1,2,6,0.36,89,<1,3,8,0.40,>99,<1,<1,<1,0.12,-,80,-,-,50,42,-,76,-,-,40,50,56,92,-,56,78,21
Venezuela (Bolivarian Republic of),2015,   30 530,88,95,<1,4,1,-0.18,-,-,-,-,-,-,-,-,-,-,-,86,49,-,81,14,-,-,-,-,-,-,-,-,-,-,-,-
Venezuela (Bolivarian Republic of),2022,   28 302,88,93,<1,6,-,-0.18,-,-,-,-,,-,-,-,-,,-,85,17,-,78,15,-,-,-,-,-,-,-,-,-,-,-,-
Viet Nam,2015,   92 191,34,93,<1,5,2,0.79,90,<1,7,2,0.97,97,<1,2,<1,0.19,54,91,91,54,39,54,43,87,87,43,21,70,75,97,98,75,75,24
Viet Nam,2022,   98 187,39,98,<1,2,<1,0.79,97,<1,3,<1,0.97,>99,<1,<1,<1,0.19,58,98,95,58,52,46,46,97,94,46,31,66,76,>99,98,76,86,13
Wallis and Futuna Islands,2015,       12,0,>99,<1,<1,<1,-0.02,>99,<1,<1,<1,-0.02,-,-,-,-,-,69,99,-,69,>99,<1,69,99,-,69,>99,<1,-,-,-,-,-,-
Wallis and Futuna Islands,2022,       12,0,>99,<1,<1,<1,-0.02,>99,<1,<1,<1,-0.02,-,-,-,-,,69,98,-,69,99,<1,69,98,-,69,99,<1,-,-,-,-,-,-
Yemen,2015,   28 517,35,56,26,15,3,0.95,45,29,21,5,1.03,76,21,3,<1,0.17,-,44,52,-,51,31,-,29,47,-,39,35,-,73,60,-,74,23
Yemen,2022,   33 697,39,62,29,6,2,0.95,52,34,10,4,1.03,77,22,1,<1,0.17,-,50,58,-,57,34,-,34,55,-,44,42,-,74,61,-,77,22
Zambia,2015,   16 248,42,63,6,22,10,0.97,45,8,31,16,1.05,87,4,8,<1,0.27,-,27,40,-,33,35,-,8,33,-,6,47,49,54,49,90,72,19
Zambia,2022,   20 018,46,68,6,19,7,0.97,51,9,28,12,1.05,89,4,7,<1,0.27,-,32,41,-,34,40,-,9,38,-,5,54,45,58,45,92,69,23
Zimbabwe,2015,   14 155,32,65,12,16,7,-0.44,51,16,23,10,-0.55,94,4,2,<1,-0.12,27,34,54,41,31,47,14,14,53,28,10,58,55,75,55,68,74,23
Zimbabwe,2022,   16 321,32,62,15,16,7,-0.44,48,19,23,10,-0.55,93,5,2,<1,-0.12,27,30,58,41,27,50,13,13,60,28,9,58,55,66,55,69,65,33